bytes,content-type,elapsed,endpoint,resource,status,entry-date,start-date,end-date
8274,text/plain; charset=utf-8,0.413,a7e225d52dffc3da69107c5383aca19922d9142b1f4dce99b04ccaae5f308242,6cbca87f1b04fc5732996ace762fb6def1ce856f1dbe441a3f4195ef4aaa5ee2,200,2021-04-26T10:08:22.988884,,
8274,text/plain; charset=utf-8,0.127,a7e225d52dffc3da69107c5383aca19922d9142b1f4dce99b04ccaae5f308242,6cbca87f1b04fc5732996ace762fb6def1ce856f1dbe441a3f4195ef4aaa5ee2,200,2021-04-27T00:17:40.630660,,
8274,text/plain; charset=utf-8,0.11,a7e225d52dffc3da69107c5383aca19922d9142b1f4dce99b04ccaae5f308242,6cbca87f1b04fc5732996ace762fb6def1ce856f1dbe441a3f4195ef4aaa5ee2,200,2021-04-28T00:17:50.229378,,
8274,text/plain; charset=utf-8,0.203,a7e225d52dffc3da69107c5383aca19922d9142b1f4dce99b04ccaae5f308242,6cbca87f1b04fc5732996ace762fb6def1ce856f1dbe441a3f4195ef4aaa5ee2,200,2021-04-29T00:18:20.162819,,
8274,text/plain; charset=utf-8,0.134,a7e225d52dffc3da69107c5383aca19922d9142b1f4dce99b04ccaae5f308242,6cbca87f1b04fc5732996ace762fb6def1ce856f1dbe441a3f4195ef4aaa5ee2,200,2021-04-30T00:10:06.128067,,
8274,text/plain; charset=utf-8,0.138,a7e225d52dffc3da69107c5383aca19922d9142b1f4dce99b04ccaae5f308242,6cbca87f1b04fc5732996ace762fb6def1ce856f1dbe441a3f4195ef4aaa5ee2,200,2021-05-01T00:11:06.900487,,
8274,text/plain; charset=utf-8,0.132,a7e225d52dffc3da69107c5383aca19922d9142b1f4dce99b04ccaae5f308242,6cbca87f1b04fc5732996ace762fb6def1ce856f1dbe441a3f4195ef4aaa5ee2,200,2021-05-02T00:13:19.117869,,
8274,text/plain; charset=utf-8,0.115,a7e225d52dffc3da69107c5383aca19922d9142b1f4dce99b04ccaae5f308242,6cbca87f1b04fc5732996ace762fb6def1ce856f1dbe441a3f4195ef4aaa5ee2,200,2021-05-03T00:12:17.363756,,
8274,text/plain; charset=utf-8,0.125,a7e225d52dffc3da69107c5383aca19922d9142b1f4dce99b04ccaae5f308242,6cbca87f1b04fc5732996ace762fb6def1ce856f1dbe441a3f4195ef4aaa5ee2,200,2021-05-04T00:08:03.746239,,
8274,text/plain; charset=utf-8,0.193,a7e225d52dffc3da69107c5383aca19922d9142b1f4dce99b04ccaae5f308242,6cbca87f1b04fc5732996ace762fb6def1ce856f1dbe441a3f4195ef4aaa5ee2,200,2021-05-05T00:51:47.409153,,
8274,text/plain; charset=utf-8,0.177,a7e225d52dffc3da69107c5383aca19922d9142b1f4dce99b04ccaae5f308242,6cbca87f1b04fc5732996ace762fb6def1ce856f1dbe441a3f4195ef4aaa5ee2,200,2021-05-06T00:50:28.090954,,
8274,text/plain; charset=utf-8,0.132,a7e225d52dffc3da69107c5383aca19922d9142b1f4dce99b04ccaae5f308242,6cbca87f1b04fc5732996ace762fb6def1ce856f1dbe441a3f4195ef4aaa5ee2,200,2021-05-07T00:52:12.898487,,
8379,text/plain; charset=utf-8,0.103,a7e225d52dffc3da69107c5383aca19922d9142b1f4dce99b04ccaae5f308242,0d7abf3cec0f75fc60329d5ddd18f8bd73d964b0ac468c525e7f621b90b3f5db,200,2021-05-08T00:51:52.775305,,
8379,text/plain; charset=utf-8,0.122,a7e225d52dffc3da69107c5383aca19922d9142b1f4dce99b04ccaae5f308242,0d7abf3cec0f75fc60329d5ddd18f8bd73d964b0ac468c525e7f621b90b3f5db,200,2021-05-09T00:55:22.737171,,
8379,text/plain; charset=utf-8,0.128,a7e225d52dffc3da69107c5383aca19922d9142b1f4dce99b04ccaae5f308242,0d7abf3cec0f75fc60329d5ddd18f8bd73d964b0ac468c525e7f621b90b3f5db,200,2021-05-10T00:54:28.910446,,
8379,text/plain; charset=utf-8,0.216,a7e225d52dffc3da69107c5383aca19922d9142b1f4dce99b04ccaae5f308242,0d7abf3cec0f75fc60329d5ddd18f8bd73d964b0ac468c525e7f621b90b3f5db,200,2021-05-11T00:54:15.805189,,
8379,text/plain; charset=utf-8,0.119,a7e225d52dffc3da69107c5383aca19922d9142b1f4dce99b04ccaae5f308242,0d7abf3cec0f75fc60329d5ddd18f8bd73d964b0ac468c525e7f621b90b3f5db,200,2021-05-12T00:55:57.705574,,
8379,text/plain; charset=utf-8,0.112,a7e225d52dffc3da69107c5383aca19922d9142b1f4dce99b04ccaae5f308242,0d7abf3cec0f75fc60329d5ddd18f8bd73d964b0ac468c525e7f621b90b3f5db,200,2021-05-13T01:00:54.170339,,
8379,text/plain; charset=utf-8,0.118,a7e225d52dffc3da69107c5383aca19922d9142b1f4dce99b04ccaae5f308242,0d7abf3cec0f75fc60329d5ddd18f8bd73d964b0ac468c525e7f621b90b3f5db,200,2021-05-14T01:02:53.521510,,
8379,text/plain; charset=utf-8,0.099,a7e225d52dffc3da69107c5383aca19922d9142b1f4dce99b04ccaae5f308242,0d7abf3cec0f75fc60329d5ddd18f8bd73d964b0ac468c525e7f621b90b3f5db,200,2021-05-15T01:00:39.103449,,
8379,text/plain; charset=utf-8,0.119,a7e225d52dffc3da69107c5383aca19922d9142b1f4dce99b04ccaae5f308242,0d7abf3cec0f75fc60329d5ddd18f8bd73d964b0ac468c525e7f621b90b3f5db,200,2021-05-16T01:06:10.404587,,
8379,text/plain; charset=utf-8,0.123,a7e225d52dffc3da69107c5383aca19922d9142b1f4dce99b04ccaae5f308242,0d7abf3cec0f75fc60329d5ddd18f8bd73d964b0ac468c525e7f621b90b3f5db,200,2021-05-17T01:00:59.547979,,
8379,text/plain; charset=utf-8,0.194,a7e225d52dffc3da69107c5383aca19922d9142b1f4dce99b04ccaae5f308242,0d7abf3cec0f75fc60329d5ddd18f8bd73d964b0ac468c525e7f621b90b3f5db,200,2021-05-18T01:04:58.554935,,
8379,text/plain; charset=utf-8,0.135,a7e225d52dffc3da69107c5383aca19922d9142b1f4dce99b04ccaae5f308242,0d7abf3cec0f75fc60329d5ddd18f8bd73d964b0ac468c525e7f621b90b3f5db,200,2021-05-19T01:00:18.058141,,
8379,text/plain; charset=utf-8,0.199,a7e225d52dffc3da69107c5383aca19922d9142b1f4dce99b04ccaae5f308242,0d7abf3cec0f75fc60329d5ddd18f8bd73d964b0ac468c525e7f621b90b3f5db,200,2021-05-20T00:58:14.564186,,
8379,text/plain; charset=utf-8,0.122,a7e225d52dffc3da69107c5383aca19922d9142b1f4dce99b04ccaae5f308242,0d7abf3cec0f75fc60329d5ddd18f8bd73d964b0ac468c525e7f621b90b3f5db,200,2021-05-21T01:01:39.928776,,
8379,text/plain; charset=utf-8,0.136,a7e225d52dffc3da69107c5383aca19922d9142b1f4dce99b04ccaae5f308242,0d7abf3cec0f75fc60329d5ddd18f8bd73d964b0ac468c525e7f621b90b3f5db,200,2021-05-22T01:00:59.076982,,
8379,text/plain; charset=utf-8,0.119,a7e225d52dffc3da69107c5383aca19922d9142b1f4dce99b04ccaae5f308242,0d7abf3cec0f75fc60329d5ddd18f8bd73d964b0ac468c525e7f621b90b3f5db,200,2021-05-23T01:08:43.046844,,
8379,text/plain; charset=utf-8,0.223,a7e225d52dffc3da69107c5383aca19922d9142b1f4dce99b04ccaae5f308242,0d7abf3cec0f75fc60329d5ddd18f8bd73d964b0ac468c525e7f621b90b3f5db,200,2021-05-24T01:06:39.257309,,
8379,text/plain; charset=utf-8,0.171,a7e225d52dffc3da69107c5383aca19922d9142b1f4dce99b04ccaae5f308242,0d7abf3cec0f75fc60329d5ddd18f8bd73d964b0ac468c525e7f621b90b3f5db,200,2021-05-25T01:03:44.421618,,
8379,text/plain; charset=utf-8,0.118,a7e225d52dffc3da69107c5383aca19922d9142b1f4dce99b04ccaae5f308242,0d7abf3cec0f75fc60329d5ddd18f8bd73d964b0ac468c525e7f621b90b3f5db,200,2021-05-26T01:17:59.466109,,
8379,text/plain; charset=utf-8,0.145,a7e225d52dffc3da69107c5383aca19922d9142b1f4dce99b04ccaae5f308242,0d7abf3cec0f75fc60329d5ddd18f8bd73d964b0ac468c525e7f621b90b3f5db,200,2021-05-27T01:25:09.307501,,
8379,text/plain; charset=utf-8,0.125,a7e225d52dffc3da69107c5383aca19922d9142b1f4dce99b04ccaae5f308242,0d7abf3cec0f75fc60329d5ddd18f8bd73d964b0ac468c525e7f621b90b3f5db,200,2021-05-28T01:37:12.786273,,
8379,text/plain; charset=utf-8,0.129,a7e225d52dffc3da69107c5383aca19922d9142b1f4dce99b04ccaae5f308242,0d7abf3cec0f75fc60329d5ddd18f8bd73d964b0ac468c525e7f621b90b3f5db,200,2021-05-29T01:51:16.183207,,
8379,text/plain; charset=utf-8,0.125,a7e225d52dffc3da69107c5383aca19922d9142b1f4dce99b04ccaae5f308242,0d7abf3cec0f75fc60329d5ddd18f8bd73d964b0ac468c525e7f621b90b3f5db,200,2021-05-30T02:02:49.964970,,
8379,text/plain; charset=utf-8,0.168,a7e225d52dffc3da69107c5383aca19922d9142b1f4dce99b04ccaae5f308242,0d7abf3cec0f75fc60329d5ddd18f8bd73d964b0ac468c525e7f621b90b3f5db,200,2021-05-31T02:14:42.264528,,
8379,text/plain; charset=utf-8,0.122,a7e225d52dffc3da69107c5383aca19922d9142b1f4dce99b04ccaae5f308242,0d7abf3cec0f75fc60329d5ddd18f8bd73d964b0ac468c525e7f621b90b3f5db,200,2021-06-01T02:37:44.636558,,
8379,text/plain; charset=utf-8,0.124,a7e225d52dffc3da69107c5383aca19922d9142b1f4dce99b04ccaae5f308242,0d7abf3cec0f75fc60329d5ddd18f8bd73d964b0ac468c525e7f621b90b3f5db,200,2021-06-02T02:41:53.065730,,
8379,text/plain; charset=utf-8,0.128,a7e225d52dffc3da69107c5383aca19922d9142b1f4dce99b04ccaae5f308242,0d7abf3cec0f75fc60329d5ddd18f8bd73d964b0ac468c525e7f621b90b3f5db,200,2021-06-03T02:17:27.392553,,
8379,text/plain; charset=utf-8,0.138,a7e225d52dffc3da69107c5383aca19922d9142b1f4dce99b04ccaae5f308242,0d7abf3cec0f75fc60329d5ddd18f8bd73d964b0ac468c525e7f621b90b3f5db,200,2021-06-04T01:53:59.295669,,
8379,text/plain; charset=utf-8,0.123,a7e225d52dffc3da69107c5383aca19922d9142b1f4dce99b04ccaae5f308242,0d7abf3cec0f75fc60329d5ddd18f8bd73d964b0ac468c525e7f621b90b3f5db,200,2021-06-05T01:26:47.739703,,
8379,text/plain; charset=utf-8,0.156,a7e225d52dffc3da69107c5383aca19922d9142b1f4dce99b04ccaae5f308242,0d7abf3cec0f75fc60329d5ddd18f8bd73d964b0ac468c525e7f621b90b3f5db,200,2021-06-06T01:20:45.799249,,
8379,text/plain; charset=utf-8,0.22,a7e225d52dffc3da69107c5383aca19922d9142b1f4dce99b04ccaae5f308242,0d7abf3cec0f75fc60329d5ddd18f8bd73d964b0ac468c525e7f621b90b3f5db,200,2021-06-07T01:22:35.775970,,
8379,text/plain; charset=utf-8,0.184,a7e225d52dffc3da69107c5383aca19922d9142b1f4dce99b04ccaae5f308242,0d7abf3cec0f75fc60329d5ddd18f8bd73d964b0ac468c525e7f621b90b3f5db,200,2021-06-08T01:20:48.625034,,
8379,text/plain; charset=utf-8,0.114,a7e225d52dffc3da69107c5383aca19922d9142b1f4dce99b04ccaae5f308242,0d7abf3cec0f75fc60329d5ddd18f8bd73d964b0ac468c525e7f621b90b3f5db,200,2021-06-09T00:59:04.256522,,
8379,text/plain; charset=utf-8,0.118,a7e225d52dffc3da69107c5383aca19922d9142b1f4dce99b04ccaae5f308242,0d7abf3cec0f75fc60329d5ddd18f8bd73d964b0ac468c525e7f621b90b3f5db,200,2021-06-10T00:58:30.715671,,
8379,text/plain; charset=utf-8,0.134,a7e225d52dffc3da69107c5383aca19922d9142b1f4dce99b04ccaae5f308242,0d7abf3cec0f75fc60329d5ddd18f8bd73d964b0ac468c525e7f621b90b3f5db,200,2021-06-11T00:52:55.021667,,
8379,text/plain; charset=utf-8,0.118,a7e225d52dffc3da69107c5383aca19922d9142b1f4dce99b04ccaae5f308242,0d7abf3cec0f75fc60329d5ddd18f8bd73d964b0ac468c525e7f621b90b3f5db,200,2021-06-12T00:48:14.800541,,
8379,text/plain; charset=utf-8,0.126,a7e225d52dffc3da69107c5383aca19922d9142b1f4dce99b04ccaae5f308242,0d7abf3cec0f75fc60329d5ddd18f8bd73d964b0ac468c525e7f621b90b3f5db,200,2021-06-13T00:55:45.831535,,
8379,text/plain; charset=utf-8,0.117,a7e225d52dffc3da69107c5383aca19922d9142b1f4dce99b04ccaae5f308242,0d7abf3cec0f75fc60329d5ddd18f8bd73d964b0ac468c525e7f621b90b3f5db,200,2021-06-14T00:51:53.287814,,
8379,text/plain; charset=utf-8,0.148,a7e225d52dffc3da69107c5383aca19922d9142b1f4dce99b04ccaae5f308242,0d7abf3cec0f75fc60329d5ddd18f8bd73d964b0ac468c525e7f621b90b3f5db,200,2021-06-15T00:55:54.296380,,
8379,text/plain; charset=utf-8,0.137,a7e225d52dffc3da69107c5383aca19922d9142b1f4dce99b04ccaae5f308242,0d7abf3cec0f75fc60329d5ddd18f8bd73d964b0ac468c525e7f621b90b3f5db,200,2021-06-16T00:53:58.895946,,
8379,text/plain; charset=utf-8,0.223,a7e225d52dffc3da69107c5383aca19922d9142b1f4dce99b04ccaae5f308242,0d7abf3cec0f75fc60329d5ddd18f8bd73d964b0ac468c525e7f621b90b3f5db,200,2021-06-17T00:51:39.372184,,
8379,text/plain; charset=utf-8,0.121,a7e225d52dffc3da69107c5383aca19922d9142b1f4dce99b04ccaae5f308242,0d7abf3cec0f75fc60329d5ddd18f8bd73d964b0ac468c525e7f621b90b3f5db,200,2021-06-18T00:53:09.246039,,
8379,text/plain; charset=utf-8,0.116,a7e225d52dffc3da69107c5383aca19922d9142b1f4dce99b04ccaae5f308242,0d7abf3cec0f75fc60329d5ddd18f8bd73d964b0ac468c525e7f621b90b3f5db,200,2021-06-19T00:53:43.628991,,
8379,text/plain; charset=utf-8,0.122,a7e225d52dffc3da69107c5383aca19922d9142b1f4dce99b04ccaae5f308242,0d7abf3cec0f75fc60329d5ddd18f8bd73d964b0ac468c525e7f621b90b3f5db,200,2021-06-20T00:56:05.599648,,
8379,text/plain; charset=utf-8,0.127,a7e225d52dffc3da69107c5383aca19922d9142b1f4dce99b04ccaae5f308242,0d7abf3cec0f75fc60329d5ddd18f8bd73d964b0ac468c525e7f621b90b3f5db,200,2021-06-21T00:56:19.125604,,
8379,text/plain; charset=utf-8,0.396,a7e225d52dffc3da69107c5383aca19922d9142b1f4dce99b04ccaae5f308242,0d7abf3cec0f75fc60329d5ddd18f8bd73d964b0ac468c525e7f621b90b3f5db,200,2021-06-22T00:50:40.651881,,
8379,text/plain; charset=utf-8,0.119,a7e225d52dffc3da69107c5383aca19922d9142b1f4dce99b04ccaae5f308242,0d7abf3cec0f75fc60329d5ddd18f8bd73d964b0ac468c525e7f621b90b3f5db,200,2021-06-23T00:47:07.640526,,
8379,text/plain; charset=utf-8,0.126,a7e225d52dffc3da69107c5383aca19922d9142b1f4dce99b04ccaae5f308242,0d7abf3cec0f75fc60329d5ddd18f8bd73d964b0ac468c525e7f621b90b3f5db,200,2021-06-24T00:42:26.969565,,
8379,text/plain; charset=utf-8,0.381,a7e225d52dffc3da69107c5383aca19922d9142b1f4dce99b04ccaae5f308242,0d7abf3cec0f75fc60329d5ddd18f8bd73d964b0ac468c525e7f621b90b3f5db,200,2021-06-25T00:57:54.806745,,
8379,text/plain; charset=utf-8,0.127,a7e225d52dffc3da69107c5383aca19922d9142b1f4dce99b04ccaae5f308242,0d7abf3cec0f75fc60329d5ddd18f8bd73d964b0ac468c525e7f621b90b3f5db,200,2021-06-26T00:51:48.617458,,
8379,text/plain; charset=utf-8,0.126,a7e225d52dffc3da69107c5383aca19922d9142b1f4dce99b04ccaae5f308242,0d7abf3cec0f75fc60329d5ddd18f8bd73d964b0ac468c525e7f621b90b3f5db,200,2021-06-27T00:59:51.980146,,
8379,text/plain; charset=utf-8,0.203,a7e225d52dffc3da69107c5383aca19922d9142b1f4dce99b04ccaae5f308242,0d7abf3cec0f75fc60329d5ddd18f8bd73d964b0ac468c525e7f621b90b3f5db,200,2021-06-28T00:55:19.522050,,
8379,text/plain; charset=utf-8,0.116,a7e225d52dffc3da69107c5383aca19922d9142b1f4dce99b04ccaae5f308242,0d7abf3cec0f75fc60329d5ddd18f8bd73d964b0ac468c525e7f621b90b3f5db,200,2021-06-29T00:50:55.217841,,
8379,text/plain; charset=utf-8,0.136,a7e225d52dffc3da69107c5383aca19922d9142b1f4dce99b04ccaae5f308242,0d7abf3cec0f75fc60329d5ddd18f8bd73d964b0ac468c525e7f621b90b3f5db,200,2021-06-30T00:56:11.055633,,
8379,text/plain; charset=utf-8,0.367,a7e225d52dffc3da69107c5383aca19922d9142b1f4dce99b04ccaae5f308242,0d7abf3cec0f75fc60329d5ddd18f8bd73d964b0ac468c525e7f621b90b3f5db,200,2021-07-01T00:56:19.493676,,
8379,text/plain; charset=utf-8,0.14,a7e225d52dffc3da69107c5383aca19922d9142b1f4dce99b04ccaae5f308242,0d7abf3cec0f75fc60329d5ddd18f8bd73d964b0ac468c525e7f621b90b3f5db,200,2021-07-02T00:52:59.913600,,
8379,text/plain; charset=utf-8,0.126,a7e225d52dffc3da69107c5383aca19922d9142b1f4dce99b04ccaae5f308242,0d7abf3cec0f75fc60329d5ddd18f8bd73d964b0ac468c525e7f621b90b3f5db,200,2021-07-03T00:52:25.634119,,
8379,text/plain; charset=utf-8,0.124,a7e225d52dffc3da69107c5383aca19922d9142b1f4dce99b04ccaae5f308242,0d7abf3cec0f75fc60329d5ddd18f8bd73d964b0ac468c525e7f621b90b3f5db,200,2021-07-04T00:54:36.134800,,
8379,text/plain; charset=utf-8,0.182,a7e225d52dffc3da69107c5383aca19922d9142b1f4dce99b04ccaae5f308242,0d7abf3cec0f75fc60329d5ddd18f8bd73d964b0ac468c525e7f621b90b3f5db,200,2021-07-05T00:51:07.691342,,
8379,text/plain; charset=utf-8,0.136,a7e225d52dffc3da69107c5383aca19922d9142b1f4dce99b04ccaae5f308242,0d7abf3cec0f75fc60329d5ddd18f8bd73d964b0ac468c525e7f621b90b3f5db,200,2021-07-06T00:56:10.914807,,
8379,text/plain; charset=utf-8,0.147,a7e225d52dffc3da69107c5383aca19922d9142b1f4dce99b04ccaae5f308242,0d7abf3cec0f75fc60329d5ddd18f8bd73d964b0ac468c525e7f621b90b3f5db,200,2021-07-07T00:55:31.000530,,
8379,text/plain; charset=utf-8,0.195,a7e225d52dffc3da69107c5383aca19922d9142b1f4dce99b04ccaae5f308242,0d7abf3cec0f75fc60329d5ddd18f8bd73d964b0ac468c525e7f621b90b3f5db,200,2021-07-08T00:53:19.448135,,
8379,text/plain; charset=utf-8,0.127,a7e225d52dffc3da69107c5383aca19922d9142b1f4dce99b04ccaae5f308242,0d7abf3cec0f75fc60329d5ddd18f8bd73d964b0ac468c525e7f621b90b3f5db,200,2021-07-09T00:55:27.120871,,
8379,text/plain; charset=utf-8,0.132,a7e225d52dffc3da69107c5383aca19922d9142b1f4dce99b04ccaae5f308242,0d7abf3cec0f75fc60329d5ddd18f8bd73d964b0ac468c525e7f621b90b3f5db,200,2021-07-10T00:53:14.801573,,
8379,text/plain; charset=utf-8,0.196,a7e225d52dffc3da69107c5383aca19922d9142b1f4dce99b04ccaae5f308242,0d7abf3cec0f75fc60329d5ddd18f8bd73d964b0ac468c525e7f621b90b3f5db,200,2021-07-11T00:59:26.692513,,
8379,text/plain; charset=utf-8,0.176,a7e225d52dffc3da69107c5383aca19922d9142b1f4dce99b04ccaae5f308242,0d7abf3cec0f75fc60329d5ddd18f8bd73d964b0ac468c525e7f621b90b3f5db,200,2021-07-12T00:53:40.075689,,
8379,text/plain; charset=utf-8,0.146,a7e225d52dffc3da69107c5383aca19922d9142b1f4dce99b04ccaae5f308242,0d7abf3cec0f75fc60329d5ddd18f8bd73d964b0ac468c525e7f621b90b3f5db,200,2021-07-13T00:55:58.328560,,
8379,text/plain; charset=utf-8,0.227,a7e225d52dffc3da69107c5383aca19922d9142b1f4dce99b04ccaae5f308242,0d7abf3cec0f75fc60329d5ddd18f8bd73d964b0ac468c525e7f621b90b3f5db,200,2021-07-14T00:50:52.005419,,
8379,text/plain; charset=utf-8,0.146,a7e225d52dffc3da69107c5383aca19922d9142b1f4dce99b04ccaae5f308242,0d7abf3cec0f75fc60329d5ddd18f8bd73d964b0ac468c525e7f621b90b3f5db,200,2021-07-15T00:55:21.213652,,
8379,text/plain; charset=utf-8,0.149,a7e225d52dffc3da69107c5383aca19922d9142b1f4dce99b04ccaae5f308242,0d7abf3cec0f75fc60329d5ddd18f8bd73d964b0ac468c525e7f621b90b3f5db,200,2021-07-16T00:54:03.327161,,
8379,text/plain; charset=utf-8,0.203,a7e225d52dffc3da69107c5383aca19922d9142b1f4dce99b04ccaae5f308242,0d7abf3cec0f75fc60329d5ddd18f8bd73d964b0ac468c525e7f621b90b3f5db,200,2021-07-17T00:52:17.838024,,
8379,text/plain; charset=utf-8,0.149,a7e225d52dffc3da69107c5383aca19922d9142b1f4dce99b04ccaae5f308242,0d7abf3cec0f75fc60329d5ddd18f8bd73d964b0ac468c525e7f621b90b3f5db,200,2021-07-18T00:55:17.827022,,
8379,text/plain; charset=utf-8,0.155,a7e225d52dffc3da69107c5383aca19922d9142b1f4dce99b04ccaae5f308242,0d7abf3cec0f75fc60329d5ddd18f8bd73d964b0ac468c525e7f621b90b3f5db,200,2021-07-19T00:54:12.856633,,
8379,text/plain; charset=utf-8,0.234,a7e225d52dffc3da69107c5383aca19922d9142b1f4dce99b04ccaae5f308242,0d7abf3cec0f75fc60329d5ddd18f8bd73d964b0ac468c525e7f621b90b3f5db,200,2021-07-20T00:58:00.988203,,
8379,text/plain; charset=utf-8,0.199,a7e225d52dffc3da69107c5383aca19922d9142b1f4dce99b04ccaae5f308242,0d7abf3cec0f75fc60329d5ddd18f8bd73d964b0ac468c525e7f621b90b3f5db,200,2021-07-21T00:55:36.842591,,
8379,text/plain; charset=utf-8,0.17,a7e225d52dffc3da69107c5383aca19922d9142b1f4dce99b04ccaae5f308242,0d7abf3cec0f75fc60329d5ddd18f8bd73d964b0ac468c525e7f621b90b3f5db,200,2021-07-22T00:56:03.073609,,
8379,text/plain; charset=utf-8,0.137,a7e225d52dffc3da69107c5383aca19922d9142b1f4dce99b04ccaae5f308242,0d7abf3cec0f75fc60329d5ddd18f8bd73d964b0ac468c525e7f621b90b3f5db,200,2021-07-23T00:54:24.017689,,
8379,text/plain; charset=utf-8,0.143,a7e225d52dffc3da69107c5383aca19922d9142b1f4dce99b04ccaae5f308242,0d7abf3cec0f75fc60329d5ddd18f8bd73d964b0ac468c525e7f621b90b3f5db,200,2021-07-24T00:53:46.391936,,
8379,text/plain; charset=utf-8,0.203,a7e225d52dffc3da69107c5383aca19922d9142b1f4dce99b04ccaae5f308242,0d7abf3cec0f75fc60329d5ddd18f8bd73d964b0ac468c525e7f621b90b3f5db,200,2021-07-25T00:55:23.368385,,
8379,text/plain; charset=utf-8,0.127,a7e225d52dffc3da69107c5383aca19922d9142b1f4dce99b04ccaae5f308242,0d7abf3cec0f75fc60329d5ddd18f8bd73d964b0ac468c525e7f621b90b3f5db,200,2021-07-26T00:54:12.817196,,
8379,text/plain; charset=utf-8,0.205,a7e225d52dffc3da69107c5383aca19922d9142b1f4dce99b04ccaae5f308242,0d7abf3cec0f75fc60329d5ddd18f8bd73d964b0ac468c525e7f621b90b3f5db,200,2021-07-27T00:55:34.293944,,
8379,text/plain; charset=utf-8,0.126,a7e225d52dffc3da69107c5383aca19922d9142b1f4dce99b04ccaae5f308242,0d7abf3cec0f75fc60329d5ddd18f8bd73d964b0ac468c525e7f621b90b3f5db,200,2021-07-28T00:56:08.587937,,
8379,text/plain; charset=utf-8,0.15,a7e225d52dffc3da69107c5383aca19922d9142b1f4dce99b04ccaae5f308242,0d7abf3cec0f75fc60329d5ddd18f8bd73d964b0ac468c525e7f621b90b3f5db,200,2021-07-29T00:52:43.781713,,
8379,text/plain; charset=utf-8,0.171,a7e225d52dffc3da69107c5383aca19922d9142b1f4dce99b04ccaae5f308242,0d7abf3cec0f75fc60329d5ddd18f8bd73d964b0ac468c525e7f621b90b3f5db,200,2021-07-30T00:55:21.068664,,
8379,text/plain; charset=utf-8,0.194,a7e225d52dffc3da69107c5383aca19922d9142b1f4dce99b04ccaae5f308242,0d7abf3cec0f75fc60329d5ddd18f8bd73d964b0ac468c525e7f621b90b3f5db,200,2021-07-31T00:53:47.202852,,
8379,text/plain; charset=utf-8,0.213,a7e225d52dffc3da69107c5383aca19922d9142b1f4dce99b04ccaae5f308242,0d7abf3cec0f75fc60329d5ddd18f8bd73d964b0ac468c525e7f621b90b3f5db,200,2021-08-01T01:01:22.682937,,
8379,text/plain; charset=utf-8,0.165,a7e225d52dffc3da69107c5383aca19922d9142b1f4dce99b04ccaae5f308242,0d7abf3cec0f75fc60329d5ddd18f8bd73d964b0ac468c525e7f621b90b3f5db,200,2021-08-02T00:53:33.669684,,
8379,text/plain; charset=utf-8,0.119,a7e225d52dffc3da69107c5383aca19922d9142b1f4dce99b04ccaae5f308242,0d7abf3cec0f75fc60329d5ddd18f8bd73d964b0ac468c525e7f621b90b3f5db,200,2021-08-03T00:58:12.895228,,
8379,text/plain; charset=utf-8,0.147,a7e225d52dffc3da69107c5383aca19922d9142b1f4dce99b04ccaae5f308242,0d7abf3cec0f75fc60329d5ddd18f8bd73d964b0ac468c525e7f621b90b3f5db,200,2021-08-04T00:53:02.776915,,
8379,text/plain; charset=utf-8,0.149,a7e225d52dffc3da69107c5383aca19922d9142b1f4dce99b04ccaae5f308242,0d7abf3cec0f75fc60329d5ddd18f8bd73d964b0ac468c525e7f621b90b3f5db,200,2021-08-05T00:54:03.379524,,
8379,text/plain; charset=utf-8,0.213,a7e225d52dffc3da69107c5383aca19922d9142b1f4dce99b04ccaae5f308242,0d7abf3cec0f75fc60329d5ddd18f8bd73d964b0ac468c525e7f621b90b3f5db,200,2021-08-06T00:57:55.429943,,
8379,text/plain; charset=utf-8,0.239,a7e225d52dffc3da69107c5383aca19922d9142b1f4dce99b04ccaae5f308242,0d7abf3cec0f75fc60329d5ddd18f8bd73d964b0ac468c525e7f621b90b3f5db,200,2021-08-07T00:49:08.974386,,
8379,text/plain; charset=utf-8,0.131,a7e225d52dffc3da69107c5383aca19922d9142b1f4dce99b04ccaae5f308242,0d7abf3cec0f75fc60329d5ddd18f8bd73d964b0ac468c525e7f621b90b3f5db,200,2021-08-08T00:53:40.496617,,
8379,text/plain; charset=utf-8,0.151,a7e225d52dffc3da69107c5383aca19922d9142b1f4dce99b04ccaae5f308242,0d7abf3cec0f75fc60329d5ddd18f8bd73d964b0ac468c525e7f621b90b3f5db,200,2021-08-09T00:54:34.415050,,
8379,text/plain; charset=utf-8,0.128,a7e225d52dffc3da69107c5383aca19922d9142b1f4dce99b04ccaae5f308242,0d7abf3cec0f75fc60329d5ddd18f8bd73d964b0ac468c525e7f621b90b3f5db,200,2021-08-10T00:55:50.572397,,
8379,text/plain; charset=utf-8,0.273,a7e225d52dffc3da69107c5383aca19922d9142b1f4dce99b04ccaae5f308242,0d7abf3cec0f75fc60329d5ddd18f8bd73d964b0ac468c525e7f621b90b3f5db,200,2021-08-16T09:45:28.184854,,
8379,text/plain; charset=utf-8,0.262,a7e225d52dffc3da69107c5383aca19922d9142b1f4dce99b04ccaae5f308242,0d7abf3cec0f75fc60329d5ddd18f8bd73d964b0ac468c525e7f621b90b3f5db,200,2021-08-17T00:52:38.477098,,
8379,text/plain; charset=utf-8,0.135,a7e225d52dffc3da69107c5383aca19922d9142b1f4dce99b04ccaae5f308242,0d7abf3cec0f75fc60329d5ddd18f8bd73d964b0ac468c525e7f621b90b3f5db,200,2021-08-18T00:53:58.188131,,
8379,text/plain; charset=utf-8,0.696,a7e225d52dffc3da69107c5383aca19922d9142b1f4dce99b04ccaae5f308242,0d7abf3cec0f75fc60329d5ddd18f8bd73d964b0ac468c525e7f621b90b3f5db,200,2021-08-19T00:46:55.822211,,
8379,text/plain; charset=utf-8,0.237,a7e225d52dffc3da69107c5383aca19922d9142b1f4dce99b04ccaae5f308242,0d7abf3cec0f75fc60329d5ddd18f8bd73d964b0ac468c525e7f621b90b3f5db,200,2021-08-20T00:51:49.489504,,
8379,text/plain; charset=utf-8,0.295,a7e225d52dffc3da69107c5383aca19922d9142b1f4dce99b04ccaae5f308242,0d7abf3cec0f75fc60329d5ddd18f8bd73d964b0ac468c525e7f621b90b3f5db,200,2021-08-21T00:51:10.376649,,
8379,text/plain; charset=utf-8,0.347,a7e225d52dffc3da69107c5383aca19922d9142b1f4dce99b04ccaae5f308242,0d7abf3cec0f75fc60329d5ddd18f8bd73d964b0ac468c525e7f621b90b3f5db,200,2021-08-22T00:51:47.382253,,
8379,text/plain; charset=utf-8,0.223,a7e225d52dffc3da69107c5383aca19922d9142b1f4dce99b04ccaae5f308242,0d7abf3cec0f75fc60329d5ddd18f8bd73d964b0ac468c525e7f621b90b3f5db,200,2021-08-23T00:49:11.913378,,
8379,text/plain; charset=utf-8,0.298,a7e225d52dffc3da69107c5383aca19922d9142b1f4dce99b04ccaae5f308242,0d7abf3cec0f75fc60329d5ddd18f8bd73d964b0ac468c525e7f621b90b3f5db,200,2021-08-24T00:51:55.687033,,
8379,text/plain; charset=utf-8,0.4,a7e225d52dffc3da69107c5383aca19922d9142b1f4dce99b04ccaae5f308242,0d7abf3cec0f75fc60329d5ddd18f8bd73d964b0ac468c525e7f621b90b3f5db,200,2021-08-25T00:53:00.806910,,
8379,text/plain; charset=utf-8,0.194,a7e225d52dffc3da69107c5383aca19922d9142b1f4dce99b04ccaae5f308242,0d7abf3cec0f75fc60329d5ddd18f8bd73d964b0ac468c525e7f621b90b3f5db,200,2021-08-26T00:51:04.843790,,
8379,text/plain; charset=utf-8,0.18,a7e225d52dffc3da69107c5383aca19922d9142b1f4dce99b04ccaae5f308242,0d7abf3cec0f75fc60329d5ddd18f8bd73d964b0ac468c525e7f621b90b3f5db,200,2021-08-27T00:56:58.506827,,
8379,text/plain; charset=utf-8,0.176,a7e225d52dffc3da69107c5383aca19922d9142b1f4dce99b04ccaae5f308242,0d7abf3cec0f75fc60329d5ddd18f8bd73d964b0ac468c525e7f621b90b3f5db,200,2021-08-28T00:50:04.302576,,
8379,text/plain; charset=utf-8,0.154,a7e225d52dffc3da69107c5383aca19922d9142b1f4dce99b04ccaae5f308242,0d7abf3cec0f75fc60329d5ddd18f8bd73d964b0ac468c525e7f621b90b3f5db,200,2021-08-29T00:55:42.256983,,
8379,text/plain; charset=utf-8,0.187,a7e225d52dffc3da69107c5383aca19922d9142b1f4dce99b04ccaae5f308242,0d7abf3cec0f75fc60329d5ddd18f8bd73d964b0ac468c525e7f621b90b3f5db,200,2021-08-30T00:52:05.371361,,
8379,text/plain; charset=utf-8,0.145,a7e225d52dffc3da69107c5383aca19922d9142b1f4dce99b04ccaae5f308242,0d7abf3cec0f75fc60329d5ddd18f8bd73d964b0ac468c525e7f621b90b3f5db,200,2021-08-31T00:54:45.570139,,
8379,text/plain; charset=utf-8,0.158,a7e225d52dffc3da69107c5383aca19922d9142b1f4dce99b04ccaae5f308242,0d7abf3cec0f75fc60329d5ddd18f8bd73d964b0ac468c525e7f621b90b3f5db,200,2021-09-01T00:58:26.695982,,
8379,text/plain; charset=utf-8,0.16,a7e225d52dffc3da69107c5383aca19922d9142b1f4dce99b04ccaae5f308242,0d7abf3cec0f75fc60329d5ddd18f8bd73d964b0ac468c525e7f621b90b3f5db,200,2021-09-02T00:54:23.385010,,
8379,text/plain; charset=utf-8,0.143,a7e225d52dffc3da69107c5383aca19922d9142b1f4dce99b04ccaae5f308242,0d7abf3cec0f75fc60329d5ddd18f8bd73d964b0ac468c525e7f621b90b3f5db,200,2021-09-03T00:53:21.208575,,
8379,text/plain; charset=utf-8,0.135,a7e225d52dffc3da69107c5383aca19922d9142b1f4dce99b04ccaae5f308242,0d7abf3cec0f75fc60329d5ddd18f8bd73d964b0ac468c525e7f621b90b3f5db,200,2021-09-04T00:53:48.302298,,
8379,text/plain; charset=utf-8,0.175,a7e225d52dffc3da69107c5383aca19922d9142b1f4dce99b04ccaae5f308242,0d7abf3cec0f75fc60329d5ddd18f8bd73d964b0ac468c525e7f621b90b3f5db,200,2021-09-05T00:56:26.355340,,
8379,text/plain; charset=utf-8,0.2,a7e225d52dffc3da69107c5383aca19922d9142b1f4dce99b04ccaae5f308242,0d7abf3cec0f75fc60329d5ddd18f8bd73d964b0ac468c525e7f621b90b3f5db,200,2021-09-06T00:59:42.019342,,
8379,text/plain; charset=utf-8,0.161,a7e225d52dffc3da69107c5383aca19922d9142b1f4dce99b04ccaae5f308242,0d7abf3cec0f75fc60329d5ddd18f8bd73d964b0ac468c525e7f621b90b3f5db,200,2021-09-07T00:52:04.385145,,
8379,text/plain; charset=utf-8,0.221,a7e225d52dffc3da69107c5383aca19922d9142b1f4dce99b04ccaae5f308242,0d7abf3cec0f75fc60329d5ddd18f8bd73d964b0ac468c525e7f621b90b3f5db,200,2021-09-08T00:53:44.680104,,
8379,text/plain; charset=utf-8,0.142,a7e225d52dffc3da69107c5383aca19922d9142b1f4dce99b04ccaae5f308242,0d7abf3cec0f75fc60329d5ddd18f8bd73d964b0ac468c525e7f621b90b3f5db,200,2021-09-09T00:56:54.704491,,
8379,text/plain; charset=utf-8,0.185,a7e225d52dffc3da69107c5383aca19922d9142b1f4dce99b04ccaae5f308242,0d7abf3cec0f75fc60329d5ddd18f8bd73d964b0ac468c525e7f621b90b3f5db,200,2021-09-10T00:57:59.527379,,
8379,text/plain; charset=utf-8,0.24,a7e225d52dffc3da69107c5383aca19922d9142b1f4dce99b04ccaae5f308242,0d7abf3cec0f75fc60329d5ddd18f8bd73d964b0ac468c525e7f621b90b3f5db,200,2021-09-11T00:53:33.491767,,
8379,text/plain; charset=utf-8,0.147,a7e225d52dffc3da69107c5383aca19922d9142b1f4dce99b04ccaae5f308242,0d7abf3cec0f75fc60329d5ddd18f8bd73d964b0ac468c525e7f621b90b3f5db,200,2021-09-12T00:57:07.356871,,
8379,text/plain; charset=utf-8,0.265,a7e225d52dffc3da69107c5383aca19922d9142b1f4dce99b04ccaae5f308242,0d7abf3cec0f75fc60329d5ddd18f8bd73d964b0ac468c525e7f621b90b3f5db,200,2021-09-13T00:56:39.852417,,
8379,text/plain; charset=utf-8,0.22,a7e225d52dffc3da69107c5383aca19922d9142b1f4dce99b04ccaae5f308242,0d7abf3cec0f75fc60329d5ddd18f8bd73d964b0ac468c525e7f621b90b3f5db,200,2021-09-14T00:59:19.022254,,
8379,text/plain; charset=utf-8,0.151,a7e225d52dffc3da69107c5383aca19922d9142b1f4dce99b04ccaae5f308242,0d7abf3cec0f75fc60329d5ddd18f8bd73d964b0ac468c525e7f621b90b3f5db,200,2021-09-15T00:54:33.152801,,
8379,text/plain; charset=utf-8,0.227,a7e225d52dffc3da69107c5383aca19922d9142b1f4dce99b04ccaae5f308242,0d7abf3cec0f75fc60329d5ddd18f8bd73d964b0ac468c525e7f621b90b3f5db,200,2021-09-16T00:57:27.861346,,
8379,text/plain; charset=utf-8,0.154,a7e225d52dffc3da69107c5383aca19922d9142b1f4dce99b04ccaae5f308242,0d7abf3cec0f75fc60329d5ddd18f8bd73d964b0ac468c525e7f621b90b3f5db,200,2021-09-17T01:00:23.508672,,
8379,text/plain; charset=utf-8,0.222,a7e225d52dffc3da69107c5383aca19922d9142b1f4dce99b04ccaae5f308242,0d7abf3cec0f75fc60329d5ddd18f8bd73d964b0ac468c525e7f621b90b3f5db,200,2021-09-18T00:54:02.064262,,
8379,text/plain; charset=utf-8,0.154,a7e225d52dffc3da69107c5383aca19922d9142b1f4dce99b04ccaae5f308242,0d7abf3cec0f75fc60329d5ddd18f8bd73d964b0ac468c525e7f621b90b3f5db,200,2021-09-19T00:56:19.472510,,
8379,text/plain; charset=utf-8,0.16,a7e225d52dffc3da69107c5383aca19922d9142b1f4dce99b04ccaae5f308242,0d7abf3cec0f75fc60329d5ddd18f8bd73d964b0ac468c525e7f621b90b3f5db,200,2021-09-20T00:58:30.157423,,
8379,text/plain; charset=utf-8,0.183,a7e225d52dffc3da69107c5383aca19922d9142b1f4dce99b04ccaae5f308242,0d7abf3cec0f75fc60329d5ddd18f8bd73d964b0ac468c525e7f621b90b3f5db,200,2021-09-21T00:56:24.262511,,
8379,text/plain; charset=utf-8,0.206,a7e225d52dffc3da69107c5383aca19922d9142b1f4dce99b04ccaae5f308242,0d7abf3cec0f75fc60329d5ddd18f8bd73d964b0ac468c525e7f621b90b3f5db,200,2021-09-22T00:58:00.397496,,
8379,text/plain; charset=utf-8,0.13,a7e225d52dffc3da69107c5383aca19922d9142b1f4dce99b04ccaae5f308242,0d7abf3cec0f75fc60329d5ddd18f8bd73d964b0ac468c525e7f621b90b3f5db,200,2021-09-23T00:59:43.104331,,
8379,text/plain; charset=utf-8,0.219,a7e225d52dffc3da69107c5383aca19922d9142b1f4dce99b04ccaae5f308242,0d7abf3cec0f75fc60329d5ddd18f8bd73d964b0ac468c525e7f621b90b3f5db,200,2021-09-24T00:56:29.694988,,
8379,text/plain; charset=utf-8,0.145,a7e225d52dffc3da69107c5383aca19922d9142b1f4dce99b04ccaae5f308242,0d7abf3cec0f75fc60329d5ddd18f8bd73d964b0ac468c525e7f621b90b3f5db,200,2021-09-25T00:54:44.715482,,
8379,text/plain; charset=utf-8,0.147,a7e225d52dffc3da69107c5383aca19922d9142b1f4dce99b04ccaae5f308242,0d7abf3cec0f75fc60329d5ddd18f8bd73d964b0ac468c525e7f621b90b3f5db,200,2021-09-26T00:57:26.660958,,
8379,text/plain; charset=utf-8,0.151,a7e225d52dffc3da69107c5383aca19922d9142b1f4dce99b04ccaae5f308242,0d7abf3cec0f75fc60329d5ddd18f8bd73d964b0ac468c525e7f621b90b3f5db,200,2021-09-27T00:55:39.734613,,
8379,text/plain; charset=utf-8,0.14,a7e225d52dffc3da69107c5383aca19922d9142b1f4dce99b04ccaae5f308242,0d7abf3cec0f75fc60329d5ddd18f8bd73d964b0ac468c525e7f621b90b3f5db,200,2021-09-28T00:56:51.171596,,
8379,text/plain; charset=utf-8,0.235,a7e225d52dffc3da69107c5383aca19922d9142b1f4dce99b04ccaae5f308242,0d7abf3cec0f75fc60329d5ddd18f8bd73d964b0ac468c525e7f621b90b3f5db,200,2021-09-29T00:54:28.083517,,
8379,text/plain; charset=utf-8,0.156,a7e225d52dffc3da69107c5383aca19922d9142b1f4dce99b04ccaae5f308242,0d7abf3cec0f75fc60329d5ddd18f8bd73d964b0ac468c525e7f621b90b3f5db,200,2021-09-30T01:01:05.004486,,
8379,text/plain; charset=utf-8,0.153,a7e225d52dffc3da69107c5383aca19922d9142b1f4dce99b04ccaae5f308242,0d7abf3cec0f75fc60329d5ddd18f8bd73d964b0ac468c525e7f621b90b3f5db,200,2021-10-01T01:00:13.413102,,
8379,text/plain; charset=utf-8,0.145,a7e225d52dffc3da69107c5383aca19922d9142b1f4dce99b04ccaae5f308242,0d7abf3cec0f75fc60329d5ddd18f8bd73d964b0ac468c525e7f621b90b3f5db,200,2021-10-02T00:55:39.080398,,
8379,text/plain; charset=utf-8,0.219,a7e225d52dffc3da69107c5383aca19922d9142b1f4dce99b04ccaae5f308242,0d7abf3cec0f75fc60329d5ddd18f8bd73d964b0ac468c525e7f621b90b3f5db,200,2021-10-03T01:01:53.825865,,
8379,text/plain; charset=utf-8,0.216,a7e225d52dffc3da69107c5383aca19922d9142b1f4dce99b04ccaae5f308242,0d7abf3cec0f75fc60329d5ddd18f8bd73d964b0ac468c525e7f621b90b3f5db,200,2021-10-04T01:01:20.466409,,
8379,text/plain; charset=utf-8,0.136,a7e225d52dffc3da69107c5383aca19922d9142b1f4dce99b04ccaae5f308242,0d7abf3cec0f75fc60329d5ddd18f8bd73d964b0ac468c525e7f621b90b3f5db,200,2021-10-05T00:56:41.498641,,
8379,text/plain; charset=utf-8,0.207,a7e225d52dffc3da69107c5383aca19922d9142b1f4dce99b04ccaae5f308242,0d7abf3cec0f75fc60329d5ddd18f8bd73d964b0ac468c525e7f621b90b3f5db,200,2021-10-06T00:58:14.342592,,
8379,text/plain; charset=utf-8,0.252,a7e225d52dffc3da69107c5383aca19922d9142b1f4dce99b04ccaae5f308242,0d7abf3cec0f75fc60329d5ddd18f8bd73d964b0ac468c525e7f621b90b3f5db,200,2021-10-07T00:58:25.643247,,
8379,text/plain; charset=utf-8,0.166,a7e225d52dffc3da69107c5383aca19922d9142b1f4dce99b04ccaae5f308242,0d7abf3cec0f75fc60329d5ddd18f8bd73d964b0ac468c525e7f621b90b3f5db,200,2021-10-08T01:00:21.902929,,
8379,text/plain; charset=utf-8,0.166,a7e225d52dffc3da69107c5383aca19922d9142b1f4dce99b04ccaae5f308242,0d7abf3cec0f75fc60329d5ddd18f8bd73d964b0ac468c525e7f621b90b3f5db,200,2021-10-09T00:54:23.313987,,
8379,text/plain; charset=utf-8,0.156,a7e225d52dffc3da69107c5383aca19922d9142b1f4dce99b04ccaae5f308242,0d7abf3cec0f75fc60329d5ddd18f8bd73d964b0ac468c525e7f621b90b3f5db,200,2021-10-10T00:58:18.126766,,
8379,text/plain; charset=utf-8,0.144,a7e225d52dffc3da69107c5383aca19922d9142b1f4dce99b04ccaae5f308242,0d7abf3cec0f75fc60329d5ddd18f8bd73d964b0ac468c525e7f621b90b3f5db,200,2021-10-11T00:58:31.195571,,
8379,text/plain; charset=utf-8,0.161,a7e225d52dffc3da69107c5383aca19922d9142b1f4dce99b04ccaae5f308242,0d7abf3cec0f75fc60329d5ddd18f8bd73d964b0ac468c525e7f621b90b3f5db,200,2021-10-12T01:01:07.975774,,
8379,text/plain; charset=utf-8,0.214,a7e225d52dffc3da69107c5383aca19922d9142b1f4dce99b04ccaae5f308242,0d7abf3cec0f75fc60329d5ddd18f8bd73d964b0ac468c525e7f621b90b3f5db,200,2021-10-13T00:59:19.942805,,
8379,text/plain; charset=utf-8,0.129,a7e225d52dffc3da69107c5383aca19922d9142b1f4dce99b04ccaae5f308242,0d7abf3cec0f75fc60329d5ddd18f8bd73d964b0ac468c525e7f621b90b3f5db,200,2021-10-14T00:55:40.977745,,
8379,text/plain; charset=utf-8,0.26,a7e225d52dffc3da69107c5383aca19922d9142b1f4dce99b04ccaae5f308242,0d7abf3cec0f75fc60329d5ddd18f8bd73d964b0ac468c525e7f621b90b3f5db,200,2021-10-15T01:00:21.550973,,
8379,text/plain; charset=utf-8,0.217,a7e225d52dffc3da69107c5383aca19922d9142b1f4dce99b04ccaae5f308242,0d7abf3cec0f75fc60329d5ddd18f8bd73d964b0ac468c525e7f621b90b3f5db,200,2021-10-16T01:02:03.672640,,
8379,text/plain; charset=utf-8,0.165,a7e225d52dffc3da69107c5383aca19922d9142b1f4dce99b04ccaae5f308242,0d7abf3cec0f75fc60329d5ddd18f8bd73d964b0ac468c525e7f621b90b3f5db,200,2021-10-17T00:57:57.668332,,
8379,text/plain; charset=utf-8,0.14,a7e225d52dffc3da69107c5383aca19922d9142b1f4dce99b04ccaae5f308242,0d7abf3cec0f75fc60329d5ddd18f8bd73d964b0ac468c525e7f621b90b3f5db,200,2021-10-18T00:59:44.193339,,
8379,text/plain; charset=utf-8,0.22,a7e225d52dffc3da69107c5383aca19922d9142b1f4dce99b04ccaae5f308242,0d7abf3cec0f75fc60329d5ddd18f8bd73d964b0ac468c525e7f621b90b3f5db,200,2021-10-19T01:01:19.262620,,
8379,text/plain; charset=utf-8,0.18,a7e225d52dffc3da69107c5383aca19922d9142b1f4dce99b04ccaae5f308242,0d7abf3cec0f75fc60329d5ddd18f8bd73d964b0ac468c525e7f621b90b3f5db,200,2021-10-20T01:00:01.685237,,
8379,text/plain; charset=utf-8,0.151,a7e225d52dffc3da69107c5383aca19922d9142b1f4dce99b04ccaae5f308242,0d7abf3cec0f75fc60329d5ddd18f8bd73d964b0ac468c525e7f621b90b3f5db,200,2021-10-21T01:02:53.472021,,
8379,text/plain; charset=utf-8,0.157,a7e225d52dffc3da69107c5383aca19922d9142b1f4dce99b04ccaae5f308242,0d7abf3cec0f75fc60329d5ddd18f8bd73d964b0ac468c525e7f621b90b3f5db,200,2021-10-22T01:04:12.958167,,
8379,text/plain; charset=utf-8,0.181,a7e225d52dffc3da69107c5383aca19922d9142b1f4dce99b04ccaae5f308242,0d7abf3cec0f75fc60329d5ddd18f8bd73d964b0ac468c525e7f621b90b3f5db,200,2021-10-23T00:59:46.865831,,
8379,text/plain; charset=utf-8,0.205,a7e225d52dffc3da69107c5383aca19922d9142b1f4dce99b04ccaae5f308242,0d7abf3cec0f75fc60329d5ddd18f8bd73d964b0ac468c525e7f621b90b3f5db,200,2021-10-24T00:57:54.026824,,
8379,text/plain; charset=utf-8,0.2,a7e225d52dffc3da69107c5383aca19922d9142b1f4dce99b04ccaae5f308242,0d7abf3cec0f75fc60329d5ddd18f8bd73d964b0ac468c525e7f621b90b3f5db,200,2021-10-25T00:59:14.286133,,
8379,text/plain; charset=utf-8,0.162,a7e225d52dffc3da69107c5383aca19922d9142b1f4dce99b04ccaae5f308242,0d7abf3cec0f75fc60329d5ddd18f8bd73d964b0ac468c525e7f621b90b3f5db,200,2021-10-26T00:55:13.818931,,
8379,text/plain; charset=utf-8,0.199,a7e225d52dffc3da69107c5383aca19922d9142b1f4dce99b04ccaae5f308242,0d7abf3cec0f75fc60329d5ddd18f8bd73d964b0ac468c525e7f621b90b3f5db,200,2021-10-27T00:54:55.147175,,
8379,text/plain; charset=utf-8,0.154,a7e225d52dffc3da69107c5383aca19922d9142b1f4dce99b04ccaae5f308242,0d7abf3cec0f75fc60329d5ddd18f8bd73d964b0ac468c525e7f621b90b3f5db,200,2021-10-28T00:55:27.463458,,
8379,text/plain; charset=utf-8,0.141,a7e225d52dffc3da69107c5383aca19922d9142b1f4dce99b04ccaae5f308242,0d7abf3cec0f75fc60329d5ddd18f8bd73d964b0ac468c525e7f621b90b3f5db,200,2021-10-29T00:53:57.512924,,
8379,text/plain; charset=utf-8,0.163,a7e225d52dffc3da69107c5383aca19922d9142b1f4dce99b04ccaae5f308242,0d7abf3cec0f75fc60329d5ddd18f8bd73d964b0ac468c525e7f621b90b3f5db,200,2021-10-30T00:53:59.613301,,
8379,text/plain; charset=utf-8,1.857,a7e225d52dffc3da69107c5383aca19922d9142b1f4dce99b04ccaae5f308242,0d7abf3cec0f75fc60329d5ddd18f8bd73d964b0ac468c525e7f621b90b3f5db,200,2021-10-31T00:58:19.551373,,
8379,text/plain; charset=utf-8,0.168,a7e225d52dffc3da69107c5383aca19922d9142b1f4dce99b04ccaae5f308242,0d7abf3cec0f75fc60329d5ddd18f8bd73d964b0ac468c525e7f621b90b3f5db,200,2021-11-01T00:58:19.418311,,
8379,text/plain; charset=utf-8,0.146,a7e225d52dffc3da69107c5383aca19922d9142b1f4dce99b04ccaae5f308242,0d7abf3cec0f75fc60329d5ddd18f8bd73d964b0ac468c525e7f621b90b3f5db,200,2021-11-02T00:59:28.832933,,
8379,text/plain; charset=utf-8,0.168,a7e225d52dffc3da69107c5383aca19922d9142b1f4dce99b04ccaae5f308242,0d7abf3cec0f75fc60329d5ddd18f8bd73d964b0ac468c525e7f621b90b3f5db,200,2021-11-03T00:55:39.624019,,
8379,text/plain; charset=utf-8,0.355,a7e225d52dffc3da69107c5383aca19922d9142b1f4dce99b04ccaae5f308242,0d7abf3cec0f75fc60329d5ddd18f8bd73d964b0ac468c525e7f621b90b3f5db,200,2021-11-04T00:57:01.262130,,
8379,text/plain; charset=utf-8,0.145,a7e225d52dffc3da69107c5383aca19922d9142b1f4dce99b04ccaae5f308242,0d7abf3cec0f75fc60329d5ddd18f8bd73d964b0ac468c525e7f621b90b3f5db,200,2021-11-05T00:55:29.272794,,
8379,text/plain; charset=utf-8,0.136,a7e225d52dffc3da69107c5383aca19922d9142b1f4dce99b04ccaae5f308242,0d7abf3cec0f75fc60329d5ddd18f8bd73d964b0ac468c525e7f621b90b3f5db,200,2021-11-06T00:54:14.765156,,
8379,text/plain; charset=utf-8,0.136,a7e225d52dffc3da69107c5383aca19922d9142b1f4dce99b04ccaae5f308242,0d7abf3cec0f75fc60329d5ddd18f8bd73d964b0ac468c525e7f621b90b3f5db,200,2021-11-07T00:57:57.402392,,
8379,text/plain; charset=utf-8,0.163,a7e225d52dffc3da69107c5383aca19922d9142b1f4dce99b04ccaae5f308242,0d7abf3cec0f75fc60329d5ddd18f8bd73d964b0ac468c525e7f621b90b3f5db,200,2021-11-08T00:56:26.681001,,
8379,text/plain; charset=utf-8,0.206,a7e225d52dffc3da69107c5383aca19922d9142b1f4dce99b04ccaae5f308242,0d7abf3cec0f75fc60329d5ddd18f8bd73d964b0ac468c525e7f621b90b3f5db,200,2021-11-09T00:59:13.749781,,
8379,text/plain; charset=utf-8,0.236,a7e225d52dffc3da69107c5383aca19922d9142b1f4dce99b04ccaae5f308242,0d7abf3cec0f75fc60329d5ddd18f8bd73d964b0ac468c525e7f621b90b3f5db,200,2021-11-10T00:56:35.049778,,
8379,text/plain; charset=utf-8,0.148,a7e225d52dffc3da69107c5383aca19922d9142b1f4dce99b04ccaae5f308242,0d7abf3cec0f75fc60329d5ddd18f8bd73d964b0ac468c525e7f621b90b3f5db,200,2021-11-11T00:57:35.674747,,
8379,text/plain; charset=utf-8,0.241,a7e225d52dffc3da69107c5383aca19922d9142b1f4dce99b04ccaae5f308242,0d7abf3cec0f75fc60329d5ddd18f8bd73d964b0ac468c525e7f621b90b3f5db,200,2021-11-12T00:58:05.851650,,
8379,text/plain; charset=utf-8,0.181,a7e225d52dffc3da69107c5383aca19922d9142b1f4dce99b04ccaae5f308242,0d7abf3cec0f75fc60329d5ddd18f8bd73d964b0ac468c525e7f621b90b3f5db,200,2021-11-13T00:55:16.849414,,
8379,text/plain; charset=utf-8,0.154,a7e225d52dffc3da69107c5383aca19922d9142b1f4dce99b04ccaae5f308242,0d7abf3cec0f75fc60329d5ddd18f8bd73d964b0ac468c525e7f621b90b3f5db,200,2021-11-14T00:58:17.648672,,
8379,text/plain; charset=utf-8,0.172,a7e225d52dffc3da69107c5383aca19922d9142b1f4dce99b04ccaae5f308242,0d7abf3cec0f75fc60329d5ddd18f8bd73d964b0ac468c525e7f621b90b3f5db,200,2021-11-15T00:56:04.632227,,
8379,text/plain; charset=utf-8,0.273,a7e225d52dffc3da69107c5383aca19922d9142b1f4dce99b04ccaae5f308242,0d7abf3cec0f75fc60329d5ddd18f8bd73d964b0ac468c525e7f621b90b3f5db,200,2021-11-16T00:57:02.241521,,
8379,text/plain; charset=utf-8,0.155,a7e225d52dffc3da69107c5383aca19922d9142b1f4dce99b04ccaae5f308242,0d7abf3cec0f75fc60329d5ddd18f8bd73d964b0ac468c525e7f621b90b3f5db,200,2021-11-17T00:56:07.817488,,
8379,text/plain; charset=utf-8,0.217,a7e225d52dffc3da69107c5383aca19922d9142b1f4dce99b04ccaae5f308242,0d7abf3cec0f75fc60329d5ddd18f8bd73d964b0ac468c525e7f621b90b3f5db,200,2021-11-18T00:57:09.883716,,
8379,text/plain; charset=utf-8,0.233,a7e225d52dffc3da69107c5383aca19922d9142b1f4dce99b04ccaae5f308242,0d7abf3cec0f75fc60329d5ddd18f8bd73d964b0ac468c525e7f621b90b3f5db,200,2021-11-19T00:56:39.444065,,
8379,text/plain; charset=utf-8,0.482,a7e225d52dffc3da69107c5383aca19922d9142b1f4dce99b04ccaae5f308242,0d7abf3cec0f75fc60329d5ddd18f8bd73d964b0ac468c525e7f621b90b3f5db,200,2021-11-20T00:55:48.728680,,
8379,text/plain; charset=utf-8,0.283,a7e225d52dffc3da69107c5383aca19922d9142b1f4dce99b04ccaae5f308242,0d7abf3cec0f75fc60329d5ddd18f8bd73d964b0ac468c525e7f621b90b3f5db,200,2021-11-21T00:58:46.824959,,
8379,text/plain; charset=utf-8,0.142,a7e225d52dffc3da69107c5383aca19922d9142b1f4dce99b04ccaae5f308242,0d7abf3cec0f75fc60329d5ddd18f8bd73d964b0ac468c525e7f621b90b3f5db,200,2021-11-22T00:57:29.232198,,
8379,text/plain; charset=utf-8,0.22,a7e225d52dffc3da69107c5383aca19922d9142b1f4dce99b04ccaae5f308242,0d7abf3cec0f75fc60329d5ddd18f8bd73d964b0ac468c525e7f621b90b3f5db,200,2021-11-23T00:56:58.542534,,
8379,text/plain; charset=utf-8,0.247,a7e225d52dffc3da69107c5383aca19922d9142b1f4dce99b04ccaae5f308242,0d7abf3cec0f75fc60329d5ddd18f8bd73d964b0ac468c525e7f621b90b3f5db,200,2021-11-24T00:56:11.509119,,
8379,text/plain; charset=utf-8,0.148,a7e225d52dffc3da69107c5383aca19922d9142b1f4dce99b04ccaae5f308242,0d7abf3cec0f75fc60329d5ddd18f8bd73d964b0ac468c525e7f621b90b3f5db,200,2021-11-25T00:57:42.465818,,
8379,text/plain; charset=utf-8,0.201,a7e225d52dffc3da69107c5383aca19922d9142b1f4dce99b04ccaae5f308242,0d7abf3cec0f75fc60329d5ddd18f8bd73d964b0ac468c525e7f621b90b3f5db,200,2021-11-26T00:55:36.447100,,
8379,text/plain; charset=utf-8,0.182,a7e225d52dffc3da69107c5383aca19922d9142b1f4dce99b04ccaae5f308242,0d7abf3cec0f75fc60329d5ddd18f8bd73d964b0ac468c525e7f621b90b3f5db,200,2021-11-27T00:55:09.335955,,
8379,text/plain; charset=utf-8,0.173,a7e225d52dffc3da69107c5383aca19922d9142b1f4dce99b04ccaae5f308242,0d7abf3cec0f75fc60329d5ddd18f8bd73d964b0ac468c525e7f621b90b3f5db,200,2021-11-28T00:57:42.728188,,
8379,text/plain; charset=utf-8,0.171,a7e225d52dffc3da69107c5383aca19922d9142b1f4dce99b04ccaae5f308242,0d7abf3cec0f75fc60329d5ddd18f8bd73d964b0ac468c525e7f621b90b3f5db,200,2021-11-29T00:57:00.747276,,
8379,text/plain; charset=utf-8,0.27,a7e225d52dffc3da69107c5383aca19922d9142b1f4dce99b04ccaae5f308242,0d7abf3cec0f75fc60329d5ddd18f8bd73d964b0ac468c525e7f621b90b3f5db,200,2021-11-30T00:58:17.332463,,
8379,text/plain; charset=utf-8,0.219,a7e225d52dffc3da69107c5383aca19922d9142b1f4dce99b04ccaae5f308242,0d7abf3cec0f75fc60329d5ddd18f8bd73d964b0ac468c525e7f621b90b3f5db,200,2021-12-01T01:00:50.245730,,
8379,text/plain; charset=utf-8,0.154,a7e225d52dffc3da69107c5383aca19922d9142b1f4dce99b04ccaae5f308242,0d7abf3cec0f75fc60329d5ddd18f8bd73d964b0ac468c525e7f621b90b3f5db,200,2021-12-02T00:58:02.228597,,
8379,text/plain; charset=utf-8,0.173,a7e225d52dffc3da69107c5383aca19922d9142b1f4dce99b04ccaae5f308242,0d7abf3cec0f75fc60329d5ddd18f8bd73d964b0ac468c525e7f621b90b3f5db,200,2021-12-03T00:57:03.166773,,
8379,text/plain; charset=utf-8,0.183,a7e225d52dffc3da69107c5383aca19922d9142b1f4dce99b04ccaae5f308242,0d7abf3cec0f75fc60329d5ddd18f8bd73d964b0ac468c525e7f621b90b3f5db,200,2021-12-04T00:57:00.842592,,
8379,text/plain; charset=utf-8,0.226,a7e225d52dffc3da69107c5383aca19922d9142b1f4dce99b04ccaae5f308242,0d7abf3cec0f75fc60329d5ddd18f8bd73d964b0ac468c525e7f621b90b3f5db,200,2021-12-05T01:02:11.038469,,
8379,text/plain; charset=utf-8,0.153,a7e225d52dffc3da69107c5383aca19922d9142b1f4dce99b04ccaae5f308242,0d7abf3cec0f75fc60329d5ddd18f8bd73d964b0ac468c525e7f621b90b3f5db,200,2021-12-06T00:59:43.437664,,
189,text/plain; charset=utf-8,0.119,6dc2762ab3ca43611e16b1b21b932752dc8f9af8edf4eff0fe1b361f7c62076a,30f3cd5f3bf8f384cea1497b6ad07da317f16fe20a1b7e506ae02c479982997d,200,2021-12-07T01:00:17.286717,,
8379,text/plain; charset=utf-8,0.393,a7e225d52dffc3da69107c5383aca19922d9142b1f4dce99b04ccaae5f308242,0d7abf3cec0f75fc60329d5ddd18f8bd73d964b0ac468c525e7f621b90b3f5db,200,2021-12-07T01:00:17.286717,,
189,text/plain; charset=utf-8,0.12,6dc2762ab3ca43611e16b1b21b932752dc8f9af8edf4eff0fe1b361f7c62076a,30f3cd5f3bf8f384cea1497b6ad07da317f16fe20a1b7e506ae02c479982997d,200,2021-12-08T01:00:14.536092,,
8379,text/plain; charset=utf-8,0.165,a7e225d52dffc3da69107c5383aca19922d9142b1f4dce99b04ccaae5f308242,0d7abf3cec0f75fc60329d5ddd18f8bd73d964b0ac468c525e7f621b90b3f5db,200,2021-12-08T01:00:14.536092,,
189,text/plain; charset=utf-8,0.102,6dc2762ab3ca43611e16b1b21b932752dc8f9af8edf4eff0fe1b361f7c62076a,30f3cd5f3bf8f384cea1497b6ad07da317f16fe20a1b7e506ae02c479982997d,200,2021-12-09T00:58:28.808660,,
8379,text/plain; charset=utf-8,0.212,a7e225d52dffc3da69107c5383aca19922d9142b1f4dce99b04ccaae5f308242,0d7abf3cec0f75fc60329d5ddd18f8bd73d964b0ac468c525e7f621b90b3f5db,200,2021-12-09T00:58:28.808660,,
189,text/plain; charset=utf-8,0.101,6dc2762ab3ca43611e16b1b21b932752dc8f9af8edf4eff0fe1b361f7c62076a,30f3cd5f3bf8f384cea1497b6ad07da317f16fe20a1b7e506ae02c479982997d,200,2021-12-10T00:59:09.281091,,
8379,text/plain; charset=utf-8,0.226,a7e225d52dffc3da69107c5383aca19922d9142b1f4dce99b04ccaae5f308242,0d7abf3cec0f75fc60329d5ddd18f8bd73d964b0ac468c525e7f621b90b3f5db,200,2021-12-10T00:59:09.281091,,
189,text/plain; charset=utf-8,0.097,6dc2762ab3ca43611e16b1b21b932752dc8f9af8edf4eff0fe1b361f7c62076a,30f3cd5f3bf8f384cea1497b6ad07da317f16fe20a1b7e506ae02c479982997d,200,2021-12-11T00:57:50.336141,,
8379,text/plain; charset=utf-8,0.148,a7e225d52dffc3da69107c5383aca19922d9142b1f4dce99b04ccaae5f308242,0d7abf3cec0f75fc60329d5ddd18f8bd73d964b0ac468c525e7f621b90b3f5db,200,2021-12-11T00:57:50.336141,,
189,text/plain; charset=utf-8,0.102,6dc2762ab3ca43611e16b1b21b932752dc8f9af8edf4eff0fe1b361f7c62076a,30f3cd5f3bf8f384cea1497b6ad07da317f16fe20a1b7e506ae02c479982997d,200,2021-12-12T01:01:17.049290,,
8379,text/plain; charset=utf-8,0.143,a7e225d52dffc3da69107c5383aca19922d9142b1f4dce99b04ccaae5f308242,0d7abf3cec0f75fc60329d5ddd18f8bd73d964b0ac468c525e7f621b90b3f5db,200,2021-12-12T01:01:17.049290,,
189,text/plain; charset=utf-8,0.174,6dc2762ab3ca43611e16b1b21b932752dc8f9af8edf4eff0fe1b361f7c62076a,30f3cd5f3bf8f384cea1497b6ad07da317f16fe20a1b7e506ae02c479982997d,200,2021-12-13T00:58:52.107276,,
8379,text/plain; charset=utf-8,0.29,a7e225d52dffc3da69107c5383aca19922d9142b1f4dce99b04ccaae5f308242,0d7abf3cec0f75fc60329d5ddd18f8bd73d964b0ac468c525e7f621b90b3f5db,200,2021-12-13T00:58:52.107276,,
189,text/plain; charset=utf-8,0.13,6dc2762ab3ca43611e16b1b21b932752dc8f9af8edf4eff0fe1b361f7c62076a,30f3cd5f3bf8f384cea1497b6ad07da317f16fe20a1b7e506ae02c479982997d,200,2021-12-14T01:01:58.500258,,
8379,text/plain; charset=utf-8,0.158,a7e225d52dffc3da69107c5383aca19922d9142b1f4dce99b04ccaae5f308242,0d7abf3cec0f75fc60329d5ddd18f8bd73d964b0ac468c525e7f621b90b3f5db,200,2021-12-14T01:01:58.500258,,
189,text/plain; charset=utf-8,0.262,6dc2762ab3ca43611e16b1b21b932752dc8f9af8edf4eff0fe1b361f7c62076a,30f3cd5f3bf8f384cea1497b6ad07da317f16fe20a1b7e506ae02c479982997d,200,2021-12-15T00:58:06.269191,,
8379,text/plain; charset=utf-8,0.203,a7e225d52dffc3da69107c5383aca19922d9142b1f4dce99b04ccaae5f308242,0d7abf3cec0f75fc60329d5ddd18f8bd73d964b0ac468c525e7f621b90b3f5db,200,2021-12-15T00:58:06.269191,,
189,text/plain; charset=utf-8,0.1,6dc2762ab3ca43611e16b1b21b932752dc8f9af8edf4eff0fe1b361f7c62076a,30f3cd5f3bf8f384cea1497b6ad07da317f16fe20a1b7e506ae02c479982997d,200,2021-12-16T00:58:38.527219,,
8379,text/plain; charset=utf-8,0.199,a7e225d52dffc3da69107c5383aca19922d9142b1f4dce99b04ccaae5f308242,0d7abf3cec0f75fc60329d5ddd18f8bd73d964b0ac468c525e7f621b90b3f5db,200,2021-12-16T00:58:38.527219,,
189,text/plain; charset=utf-8,0.125,6dc2762ab3ca43611e16b1b21b932752dc8f9af8edf4eff0fe1b361f7c62076a,30f3cd5f3bf8f384cea1497b6ad07da317f16fe20a1b7e506ae02c479982997d,200,2021-12-17T01:00:57.349851,,
8379,text/plain; charset=utf-8,0.14,a7e225d52dffc3da69107c5383aca19922d9142b1f4dce99b04ccaae5f308242,0d7abf3cec0f75fc60329d5ddd18f8bd73d964b0ac468c525e7f621b90b3f5db,200,2021-12-17T01:00:57.349851,,
189,text/plain; charset=utf-8,0.171,6dc2762ab3ca43611e16b1b21b932752dc8f9af8edf4eff0fe1b361f7c62076a,30f3cd5f3bf8f384cea1497b6ad07da317f16fe20a1b7e506ae02c479982997d,200,2021-12-18T01:02:26.348948,,
8379,text/plain; charset=utf-8,0.227,a7e225d52dffc3da69107c5383aca19922d9142b1f4dce99b04ccaae5f308242,0d7abf3cec0f75fc60329d5ddd18f8bd73d964b0ac468c525e7f621b90b3f5db,200,2021-12-18T01:02:26.348948,,
189,text/plain; charset=utf-8,0.133,6dc2762ab3ca43611e16b1b21b932752dc8f9af8edf4eff0fe1b361f7c62076a,30f3cd5f3bf8f384cea1497b6ad07da317f16fe20a1b7e506ae02c479982997d,200,2021-12-19T01:04:02.511834,,
8379,text/plain; charset=utf-8,0.257,a7e225d52dffc3da69107c5383aca19922d9142b1f4dce99b04ccaae5f308242,0d7abf3cec0f75fc60329d5ddd18f8bd73d964b0ac468c525e7f621b90b3f5db,200,2021-12-19T01:04:02.511834,,
189,text/plain; charset=utf-8,0.109,6dc2762ab3ca43611e16b1b21b932752dc8f9af8edf4eff0fe1b361f7c62076a,30f3cd5f3bf8f384cea1497b6ad07da317f16fe20a1b7e506ae02c479982997d,200,2021-12-20T01:00:57.193582,,
8379,text/plain; charset=utf-8,0.219,a7e225d52dffc3da69107c5383aca19922d9142b1f4dce99b04ccaae5f308242,0d7abf3cec0f75fc60329d5ddd18f8bd73d964b0ac468c525e7f621b90b3f5db,200,2021-12-20T01:00:57.193582,,
189,text/plain; charset=utf-8,0.176,6dc2762ab3ca43611e16b1b21b932752dc8f9af8edf4eff0fe1b361f7c62076a,30f3cd5f3bf8f384cea1497b6ad07da317f16fe20a1b7e506ae02c479982997d,200,2021-12-21T01:02:41.780152,,
8379,text/plain; charset=utf-8,0.203,a7e225d52dffc3da69107c5383aca19922d9142b1f4dce99b04ccaae5f308242,0d7abf3cec0f75fc60329d5ddd18f8bd73d964b0ac468c525e7f621b90b3f5db,200,2021-12-21T01:02:41.780152,,
189,text/plain; charset=utf-8,0.09,6dc2762ab3ca43611e16b1b21b932752dc8f9af8edf4eff0fe1b361f7c62076a,30f3cd5f3bf8f384cea1497b6ad07da317f16fe20a1b7e506ae02c479982997d,200,2021-12-22T01:01:27.968932,,
8379,text/plain; charset=utf-8,0.141,a7e225d52dffc3da69107c5383aca19922d9142b1f4dce99b04ccaae5f308242,0d7abf3cec0f75fc60329d5ddd18f8bd73d964b0ac468c525e7f621b90b3f5db,200,2021-12-22T01:01:27.968932,,
189,text/plain; charset=utf-8,0.096,6dc2762ab3ca43611e16b1b21b932752dc8f9af8edf4eff0fe1b361f7c62076a,30f3cd5f3bf8f384cea1497b6ad07da317f16fe20a1b7e506ae02c479982997d,200,2021-12-23T01:00:07.404666,,
8379,text/plain; charset=utf-8,0.148,a7e225d52dffc3da69107c5383aca19922d9142b1f4dce99b04ccaae5f308242,0d7abf3cec0f75fc60329d5ddd18f8bd73d964b0ac468c525e7f621b90b3f5db,200,2021-12-23T01:00:07.404666,,
189,text/plain; charset=utf-8,0.162,6dc2762ab3ca43611e16b1b21b932752dc8f9af8edf4eff0fe1b361f7c62076a,30f3cd5f3bf8f384cea1497b6ad07da317f16fe20a1b7e506ae02c479982997d,200,2021-12-24T00:59:18.585176,,
8379,text/plain; charset=utf-8,0.2,a7e225d52dffc3da69107c5383aca19922d9142b1f4dce99b04ccaae5f308242,0d7abf3cec0f75fc60329d5ddd18f8bd73d964b0ac468c525e7f621b90b3f5db,200,2021-12-24T00:59:18.585176,,
189,text/plain; charset=utf-8,0.155,6dc2762ab3ca43611e16b1b21b932752dc8f9af8edf4eff0fe1b361f7c62076a,30f3cd5f3bf8f384cea1497b6ad07da317f16fe20a1b7e506ae02c479982997d,200,2021-12-25T00:58:43.226918,,
8379,text/plain; charset=utf-8,0.213,a7e225d52dffc3da69107c5383aca19922d9142b1f4dce99b04ccaae5f308242,0d7abf3cec0f75fc60329d5ddd18f8bd73d964b0ac468c525e7f621b90b3f5db,200,2021-12-25T00:58:43.226918,,
189,text/plain; charset=utf-8,0.086,6dc2762ab3ca43611e16b1b21b932752dc8f9af8edf4eff0fe1b361f7c62076a,30f3cd5f3bf8f384cea1497b6ad07da317f16fe20a1b7e506ae02c479982997d,200,2021-12-26T01:03:59.172595,,
8379,text/plain; charset=utf-8,0.102,a7e225d52dffc3da69107c5383aca19922d9142b1f4dce99b04ccaae5f308242,0d7abf3cec0f75fc60329d5ddd18f8bd73d964b0ac468c525e7f621b90b3f5db,200,2021-12-26T01:03:59.172595,,
189,text/plain; charset=utf-8,0.076,6dc2762ab3ca43611e16b1b21b932752dc8f9af8edf4eff0fe1b361f7c62076a,30f3cd5f3bf8f384cea1497b6ad07da317f16fe20a1b7e506ae02c479982997d,200,2021-12-27T01:00:33.540421,,
8379,text/plain; charset=utf-8,0.127,a7e225d52dffc3da69107c5383aca19922d9142b1f4dce99b04ccaae5f308242,0d7abf3cec0f75fc60329d5ddd18f8bd73d964b0ac468c525e7f621b90b3f5db,200,2021-12-27T01:00:33.540421,,
189,text/plain; charset=utf-8,0.15,6dc2762ab3ca43611e16b1b21b932752dc8f9af8edf4eff0fe1b361f7c62076a,30f3cd5f3bf8f384cea1497b6ad07da317f16fe20a1b7e506ae02c479982997d,200,2021-12-28T01:00:04.976969,,
8379,text/plain; charset=utf-8,0.15,a7e225d52dffc3da69107c5383aca19922d9142b1f4dce99b04ccaae5f308242,0d7abf3cec0f75fc60329d5ddd18f8bd73d964b0ac468c525e7f621b90b3f5db,200,2021-12-28T01:00:04.976969,,
189,text/plain; charset=utf-8,0.087,6dc2762ab3ca43611e16b1b21b932752dc8f9af8edf4eff0fe1b361f7c62076a,30f3cd5f3bf8f384cea1497b6ad07da317f16fe20a1b7e506ae02c479982997d,200,2021-12-29T00:59:20.893645,,
8379,text/plain; charset=utf-8,0.125,a7e225d52dffc3da69107c5383aca19922d9142b1f4dce99b04ccaae5f308242,0d7abf3cec0f75fc60329d5ddd18f8bd73d964b0ac468c525e7f621b90b3f5db,200,2021-12-29T00:59:20.893645,,
189,text/plain; charset=utf-8,0.096,6dc2762ab3ca43611e16b1b21b932752dc8f9af8edf4eff0fe1b361f7c62076a,30f3cd5f3bf8f384cea1497b6ad07da317f16fe20a1b7e506ae02c479982997d,200,2021-12-30T00:59:46.482609,,
8379,text/plain; charset=utf-8,0.142,a7e225d52dffc3da69107c5383aca19922d9142b1f4dce99b04ccaae5f308242,0d7abf3cec0f75fc60329d5ddd18f8bd73d964b0ac468c525e7f621b90b3f5db,200,2021-12-30T00:59:46.482609,,
189,text/plain; charset=utf-8,0.094,6dc2762ab3ca43611e16b1b21b932752dc8f9af8edf4eff0fe1b361f7c62076a,30f3cd5f3bf8f384cea1497b6ad07da317f16fe20a1b7e506ae02c479982997d,200,2021-12-31T01:02:09.072997,,
8379,text/plain; charset=utf-8,0.14,a7e225d52dffc3da69107c5383aca19922d9142b1f4dce99b04ccaae5f308242,0d7abf3cec0f75fc60329d5ddd18f8bd73d964b0ac468c525e7f621b90b3f5db,200,2021-12-31T01:02:09.072997,,
189,text/plain; charset=utf-8,0.089,6dc2762ab3ca43611e16b1b21b932752dc8f9af8edf4eff0fe1b361f7c62076a,30f3cd5f3bf8f384cea1497b6ad07da317f16fe20a1b7e506ae02c479982997d,200,2022-01-01T01:02:27.774353,,
8379,text/plain; charset=utf-8,0.269,a7e225d52dffc3da69107c5383aca19922d9142b1f4dce99b04ccaae5f308242,0d7abf3cec0f75fc60329d5ddd18f8bd73d964b0ac468c525e7f621b90b3f5db,200,2022-01-01T01:02:27.774353,,
189,text/plain; charset=utf-8,0.09,6dc2762ab3ca43611e16b1b21b932752dc8f9af8edf4eff0fe1b361f7c62076a,30f3cd5f3bf8f384cea1497b6ad07da317f16fe20a1b7e506ae02c479982997d,200,2022-01-02T01:03:33.697934,,
8379,text/plain; charset=utf-8,0.141,a7e225d52dffc3da69107c5383aca19922d9142b1f4dce99b04ccaae5f308242,0d7abf3cec0f75fc60329d5ddd18f8bd73d964b0ac468c525e7f621b90b3f5db,200,2022-01-02T01:03:33.697934,,
189,text/plain; charset=utf-8,0.104,6dc2762ab3ca43611e16b1b21b932752dc8f9af8edf4eff0fe1b361f7c62076a,30f3cd5f3bf8f384cea1497b6ad07da317f16fe20a1b7e506ae02c479982997d,200,2022-01-03T01:00:41.032492,,
8379,text/plain; charset=utf-8,0.128,a7e225d52dffc3da69107c5383aca19922d9142b1f4dce99b04ccaae5f308242,0d7abf3cec0f75fc60329d5ddd18f8bd73d964b0ac468c525e7f621b90b3f5db,200,2022-01-03T01:00:41.032492,,
189,text/plain; charset=utf-8,0.09,6dc2762ab3ca43611e16b1b21b932752dc8f9af8edf4eff0fe1b361f7c62076a,30f3cd5f3bf8f384cea1497b6ad07da317f16fe20a1b7e506ae02c479982997d,200,2022-01-04T01:01:41.944051,,
8379,text/plain; charset=utf-8,0.163,a7e225d52dffc3da69107c5383aca19922d9142b1f4dce99b04ccaae5f308242,0d7abf3cec0f75fc60329d5ddd18f8bd73d964b0ac468c525e7f621b90b3f5db,200,2022-01-04T01:01:41.944051,,
189,text/plain; charset=utf-8,0.092,6dc2762ab3ca43611e16b1b21b932752dc8f9af8edf4eff0fe1b361f7c62076a,30f3cd5f3bf8f384cea1497b6ad07da317f16fe20a1b7e506ae02c479982997d,200,2022-01-05T01:03:29.044978,,
8379,text/plain; charset=utf-8,0.141,a7e225d52dffc3da69107c5383aca19922d9142b1f4dce99b04ccaae5f308242,0d7abf3cec0f75fc60329d5ddd18f8bd73d964b0ac468c525e7f621b90b3f5db,200,2022-01-05T01:03:29.044978,,
189,text/plain; charset=utf-8,0.087,6dc2762ab3ca43611e16b1b21b932752dc8f9af8edf4eff0fe1b361f7c62076a,30f3cd5f3bf8f384cea1497b6ad07da317f16fe20a1b7e506ae02c479982997d,200,2022-01-06T01:07:49.628460,,
8379,text/plain; charset=utf-8,0.127,a7e225d52dffc3da69107c5383aca19922d9142b1f4dce99b04ccaae5f308242,0d7abf3cec0f75fc60329d5ddd18f8bd73d964b0ac468c525e7f621b90b3f5db,200,2022-01-06T01:07:49.628460,,
189,text/plain; charset=utf-8,0.087,6dc2762ab3ca43611e16b1b21b932752dc8f9af8edf4eff0fe1b361f7c62076a,30f3cd5f3bf8f384cea1497b6ad07da317f16fe20a1b7e506ae02c479982997d,200,2022-01-07T01:07:10.575660,,
8379,text/plain; charset=utf-8,8.451,a7e225d52dffc3da69107c5383aca19922d9142b1f4dce99b04ccaae5f308242,0d7abf3cec0f75fc60329d5ddd18f8bd73d964b0ac468c525e7f621b90b3f5db,200,2022-01-07T01:07:10.575660,,
189,text/plain; charset=utf-8,0.153,6dc2762ab3ca43611e16b1b21b932752dc8f9af8edf4eff0fe1b361f7c62076a,30f3cd5f3bf8f384cea1497b6ad07da317f16fe20a1b7e506ae02c479982997d,200,2022-01-08T01:01:27.786901,,
8379,text/plain; charset=utf-8,0.221,a7e225d52dffc3da69107c5383aca19922d9142b1f4dce99b04ccaae5f308242,0d7abf3cec0f75fc60329d5ddd18f8bd73d964b0ac468c525e7f621b90b3f5db,200,2022-01-08T01:01:27.786901,,
189,text/plain; charset=utf-8,0.081,6dc2762ab3ca43611e16b1b21b932752dc8f9af8edf4eff0fe1b361f7c62076a,30f3cd5f3bf8f384cea1497b6ad07da317f16fe20a1b7e506ae02c479982997d,200,2022-01-09T01:04:38.123406,,
8379,text/plain; charset=utf-8,0.176,a7e225d52dffc3da69107c5383aca19922d9142b1f4dce99b04ccaae5f308242,0d7abf3cec0f75fc60329d5ddd18f8bd73d964b0ac468c525e7f621b90b3f5db,200,2022-01-09T01:04:38.123406,,
189,text/plain; charset=utf-8,1.946,6dc2762ab3ca43611e16b1b21b932752dc8f9af8edf4eff0fe1b361f7c62076a,30f3cd5f3bf8f384cea1497b6ad07da317f16fe20a1b7e506ae02c479982997d,200,2022-01-10T01:00:27.643895,,
8379,text/plain; charset=utf-8,1.096,a7e225d52dffc3da69107c5383aca19922d9142b1f4dce99b04ccaae5f308242,0d7abf3cec0f75fc60329d5ddd18f8bd73d964b0ac468c525e7f621b90b3f5db,200,2022-01-10T01:00:27.643895,,
189,text/plain; charset=utf-8,16.266,6dc2762ab3ca43611e16b1b21b932752dc8f9af8edf4eff0fe1b361f7c62076a,30f3cd5f3bf8f384cea1497b6ad07da317f16fe20a1b7e506ae02c479982997d,200,2022-01-11T01:03:38.637823,,
8379,text/plain; charset=utf-8,0.151,a7e225d52dffc3da69107c5383aca19922d9142b1f4dce99b04ccaae5f308242,0d7abf3cec0f75fc60329d5ddd18f8bd73d964b0ac468c525e7f621b90b3f5db,200,2022-01-11T01:03:38.637823,,
189,text/plain; charset=utf-8,0.1,6dc2762ab3ca43611e16b1b21b932752dc8f9af8edf4eff0fe1b361f7c62076a,30f3cd5f3bf8f384cea1497b6ad07da317f16fe20a1b7e506ae02c479982997d,200,2022-01-12T01:02:08.234153,,
8379,text/plain; charset=utf-8,0.143,a7e225d52dffc3da69107c5383aca19922d9142b1f4dce99b04ccaae5f308242,0d7abf3cec0f75fc60329d5ddd18f8bd73d964b0ac468c525e7f621b90b3f5db,200,2022-01-12T01:02:08.234153,,
189,text/plain; charset=utf-8,0.543,6dc2762ab3ca43611e16b1b21b932752dc8f9af8edf4eff0fe1b361f7c62076a,30f3cd5f3bf8f384cea1497b6ad07da317f16fe20a1b7e506ae02c479982997d,200,2022-01-13T01:05:04.313566,,
8379,text/plain; charset=utf-8,0.223,a7e225d52dffc3da69107c5383aca19922d9142b1f4dce99b04ccaae5f308242,0d7abf3cec0f75fc60329d5ddd18f8bd73d964b0ac468c525e7f621b90b3f5db,200,2022-01-13T01:05:04.313566,,
189,text/plain; charset=utf-8,0.093,6dc2762ab3ca43611e16b1b21b932752dc8f9af8edf4eff0fe1b361f7c62076a,30f3cd5f3bf8f384cea1497b6ad07da317f16fe20a1b7e506ae02c479982997d,200,2022-01-14T01:04:11.687631,,
8379,text/plain; charset=utf-8,0.145,a7e225d52dffc3da69107c5383aca19922d9142b1f4dce99b04ccaae5f308242,0d7abf3cec0f75fc60329d5ddd18f8bd73d964b0ac468c525e7f621b90b3f5db,200,2022-01-14T01:04:11.687631,,
189,text/plain; charset=utf-8,0.1,6dc2762ab3ca43611e16b1b21b932752dc8f9af8edf4eff0fe1b361f7c62076a,30f3cd5f3bf8f384cea1497b6ad07da317f16fe20a1b7e506ae02c479982997d,200,2022-01-15T01:01:20.008908,,
8379,text/plain; charset=utf-8,0.159,a7e225d52dffc3da69107c5383aca19922d9142b1f4dce99b04ccaae5f308242,0d7abf3cec0f75fc60329d5ddd18f8bd73d964b0ac468c525e7f621b90b3f5db,200,2022-01-15T01:01:20.008908,,
189,text/plain; charset=utf-8,0.088,6dc2762ab3ca43611e16b1b21b932752dc8f9af8edf4eff0fe1b361f7c62076a,30f3cd5f3bf8f384cea1497b6ad07da317f16fe20a1b7e506ae02c479982997d,200,2022-01-16T01:05:34.055017,,
8379,text/plain; charset=utf-8,0.156,a7e225d52dffc3da69107c5383aca19922d9142b1f4dce99b04ccaae5f308242,0d7abf3cec0f75fc60329d5ddd18f8bd73d964b0ac468c525e7f621b90b3f5db,200,2022-01-16T01:05:34.055017,,
189,text/plain; charset=utf-8,0.156,6dc2762ab3ca43611e16b1b21b932752dc8f9af8edf4eff0fe1b361f7c62076a,30f3cd5f3bf8f384cea1497b6ad07da317f16fe20a1b7e506ae02c479982997d,200,2022-01-17T01:03:30.337515,,
8379,text/plain; charset=utf-8,0.209,a7e225d52dffc3da69107c5383aca19922d9142b1f4dce99b04ccaae5f308242,0d7abf3cec0f75fc60329d5ddd18f8bd73d964b0ac468c525e7f621b90b3f5db,200,2022-01-17T01:03:30.337515,,
189,text/plain; charset=utf-8,0.167,6dc2762ab3ca43611e16b1b21b932752dc8f9af8edf4eff0fe1b361f7c62076a,30f3cd5f3bf8f384cea1497b6ad07da317f16fe20a1b7e506ae02c479982997d,200,2022-01-18T01:04:17.384732,,
8379,text/plain; charset=utf-8,0.198,a7e225d52dffc3da69107c5383aca19922d9142b1f4dce99b04ccaae5f308242,0d7abf3cec0f75fc60329d5ddd18f8bd73d964b0ac468c525e7f621b90b3f5db,200,2022-01-18T01:04:17.384732,,
189,text/plain; charset=utf-8,0.088,6dc2762ab3ca43611e16b1b21b932752dc8f9af8edf4eff0fe1b361f7c62076a,30f3cd5f3bf8f384cea1497b6ad07da317f16fe20a1b7e506ae02c479982997d,200,2022-01-19T00:56:48.672016,,
8379,text/plain; charset=utf-8,0.141,a7e225d52dffc3da69107c5383aca19922d9142b1f4dce99b04ccaae5f308242,0d7abf3cec0f75fc60329d5ddd18f8bd73d964b0ac468c525e7f621b90b3f5db,200,2022-01-19T00:56:48.672016,,
189,text/plain; charset=utf-8,0.087,6dc2762ab3ca43611e16b1b21b932752dc8f9af8edf4eff0fe1b361f7c62076a,30f3cd5f3bf8f384cea1497b6ad07da317f16fe20a1b7e506ae02c479982997d,200,2022-01-20T01:08:36.820900,,
8379,text/plain; charset=utf-8,0.644,a7e225d52dffc3da69107c5383aca19922d9142b1f4dce99b04ccaae5f308242,0d7abf3cec0f75fc60329d5ddd18f8bd73d964b0ac468c525e7f621b90b3f5db,200,2022-01-20T01:08:36.820900,,
189,text/plain; charset=utf-8,0.094,6dc2762ab3ca43611e16b1b21b932752dc8f9af8edf4eff0fe1b361f7c62076a,30f3cd5f3bf8f384cea1497b6ad07da317f16fe20a1b7e506ae02c479982997d,200,2022-01-21T00:57:10.672237,,
8379,text/plain; charset=utf-8,0.122,a7e225d52dffc3da69107c5383aca19922d9142b1f4dce99b04ccaae5f308242,0d7abf3cec0f75fc60329d5ddd18f8bd73d964b0ac468c525e7f621b90b3f5db,200,2022-01-21T00:57:10.672237,,
189,text/plain; charset=utf-8,0.092,6dc2762ab3ca43611e16b1b21b932752dc8f9af8edf4eff0fe1b361f7c62076a,30f3cd5f3bf8f384cea1497b6ad07da317f16fe20a1b7e506ae02c479982997d,200,2022-01-22T00:56:04.963202,,
8379,text/plain; charset=utf-8,0.149,a7e225d52dffc3da69107c5383aca19922d9142b1f4dce99b04ccaae5f308242,0d7abf3cec0f75fc60329d5ddd18f8bd73d964b0ac468c525e7f621b90b3f5db,200,2022-01-22T00:56:04.963202,,
189,text/plain; charset=utf-8,0.073,6dc2762ab3ca43611e16b1b21b932752dc8f9af8edf4eff0fe1b361f7c62076a,30f3cd5f3bf8f384cea1497b6ad07da317f16fe20a1b7e506ae02c479982997d,200,2022-01-23T00:58:38.095034,,
8379,text/plain; charset=utf-8,0.147,a7e225d52dffc3da69107c5383aca19922d9142b1f4dce99b04ccaae5f308242,0d7abf3cec0f75fc60329d5ddd18f8bd73d964b0ac468c525e7f621b90b3f5db,200,2022-01-23T00:58:38.095034,,
189,text/plain; charset=utf-8,0.19,6dc2762ab3ca43611e16b1b21b932752dc8f9af8edf4eff0fe1b361f7c62076a,30f3cd5f3bf8f384cea1497b6ad07da317f16fe20a1b7e506ae02c479982997d,200,2022-01-24T00:57:49.226207,,
8379,text/plain; charset=utf-8,0.222,a7e225d52dffc3da69107c5383aca19922d9142b1f4dce99b04ccaae5f308242,0d7abf3cec0f75fc60329d5ddd18f8bd73d964b0ac468c525e7f621b90b3f5db,200,2022-01-24T00:57:49.226207,,
189,text/plain; charset=utf-8,0.088,6dc2762ab3ca43611e16b1b21b932752dc8f9af8edf4eff0fe1b361f7c62076a,30f3cd5f3bf8f384cea1497b6ad07da317f16fe20a1b7e506ae02c479982997d,200,2022-01-25T01:04:56.988160,,
8379,text/plain; charset=utf-8,0.129,a7e225d52dffc3da69107c5383aca19922d9142b1f4dce99b04ccaae5f308242,0d7abf3cec0f75fc60329d5ddd18f8bd73d964b0ac468c525e7f621b90b3f5db,200,2022-01-25T01:04:56.988160,,
189,text/plain; charset=utf-8,0.151,6dc2762ab3ca43611e16b1b21b932752dc8f9af8edf4eff0fe1b361f7c62076a,30f3cd5f3bf8f384cea1497b6ad07da317f16fe20a1b7e506ae02c479982997d,200,2022-01-26T01:04:00.436748,,
8379,text/plain; charset=utf-8,0.158,a7e225d52dffc3da69107c5383aca19922d9142b1f4dce99b04ccaae5f308242,0d7abf3cec0f75fc60329d5ddd18f8bd73d964b0ac468c525e7f621b90b3f5db,200,2022-01-26T01:04:00.436748,,
189,text/plain; charset=utf-8,0.15,6dc2762ab3ca43611e16b1b21b932752dc8f9af8edf4eff0fe1b361f7c62076a,30f3cd5f3bf8f384cea1497b6ad07da317f16fe20a1b7e506ae02c479982997d,200,2022-01-27T00:59:30.997180,,
8379,text/plain; charset=utf-8,0.198,a7e225d52dffc3da69107c5383aca19922d9142b1f4dce99b04ccaae5f308242,0d7abf3cec0f75fc60329d5ddd18f8bd73d964b0ac468c525e7f621b90b3f5db,200,2022-01-27T00:59:30.997180,,
189,text/plain; charset=utf-8,0.083,6dc2762ab3ca43611e16b1b21b932752dc8f9af8edf4eff0fe1b361f7c62076a,30f3cd5f3bf8f384cea1497b6ad07da317f16fe20a1b7e506ae02c479982997d,200,2022-01-28T00:58:43.463277,,
8379,text/plain; charset=utf-8,0.131,a7e225d52dffc3da69107c5383aca19922d9142b1f4dce99b04ccaae5f308242,0d7abf3cec0f75fc60329d5ddd18f8bd73d964b0ac468c525e7f621b90b3f5db,200,2022-01-28T00:58:43.463277,,
189,text/plain; charset=utf-8,0.148,6dc2762ab3ca43611e16b1b21b932752dc8f9af8edf4eff0fe1b361f7c62076a,30f3cd5f3bf8f384cea1497b6ad07da317f16fe20a1b7e506ae02c479982997d,200,2022-01-29T00:54:49.589155,,
8379,text/plain; charset=utf-8,0.184,a7e225d52dffc3da69107c5383aca19922d9142b1f4dce99b04ccaae5f308242,0d7abf3cec0f75fc60329d5ddd18f8bd73d964b0ac468c525e7f621b90b3f5db,200,2022-01-29T00:54:49.589155,,
189,text/plain; charset=utf-8,0.088,6dc2762ab3ca43611e16b1b21b932752dc8f9af8edf4eff0fe1b361f7c62076a,30f3cd5f3bf8f384cea1497b6ad07da317f16fe20a1b7e506ae02c479982997d,200,2022-01-30T00:59:39.155383,,
8379,text/plain; charset=utf-8,0.139,a7e225d52dffc3da69107c5383aca19922d9142b1f4dce99b04ccaae5f308242,0d7abf3cec0f75fc60329d5ddd18f8bd73d964b0ac468c525e7f621b90b3f5db,200,2022-01-30T00:59:39.155383,,
189,text/plain; charset=utf-8,0.089,6dc2762ab3ca43611e16b1b21b932752dc8f9af8edf4eff0fe1b361f7c62076a,30f3cd5f3bf8f384cea1497b6ad07da317f16fe20a1b7e506ae02c479982997d,200,2022-01-31T00:57:15.874763,,
8379,text/plain; charset=utf-8,0.129,a7e225d52dffc3da69107c5383aca19922d9142b1f4dce99b04ccaae5f308242,0d7abf3cec0f75fc60329d5ddd18f8bd73d964b0ac468c525e7f621b90b3f5db,200,2022-01-31T00:57:15.874763,,
189,text/plain; charset=utf-8,0.089,6dc2762ab3ca43611e16b1b21b932752dc8f9af8edf4eff0fe1b361f7c62076a,30f3cd5f3bf8f384cea1497b6ad07da317f16fe20a1b7e506ae02c479982997d,200,2022-02-01T01:02:25.963919,,
8379,text/plain; charset=utf-8,0.137,a7e225d52dffc3da69107c5383aca19922d9142b1f4dce99b04ccaae5f308242,0d7abf3cec0f75fc60329d5ddd18f8bd73d964b0ac468c525e7f621b90b3f5db,200,2022-02-01T01:02:25.963919,,
189,text/plain; charset=utf-8,0.096,6dc2762ab3ca43611e16b1b21b932752dc8f9af8edf4eff0fe1b361f7c62076a,30f3cd5f3bf8f384cea1497b6ad07da317f16fe20a1b7e506ae02c479982997d,200,2022-02-02T01:00:16.494344,,
8379,text/plain; charset=utf-8,0.157,a7e225d52dffc3da69107c5383aca19922d9142b1f4dce99b04ccaae5f308242,0d7abf3cec0f75fc60329d5ddd18f8bd73d964b0ac468c525e7f621b90b3f5db,200,2022-02-02T01:00:16.494344,,
189,text/plain; charset=utf-8,0.127,6dc2762ab3ca43611e16b1b21b932752dc8f9af8edf4eff0fe1b361f7c62076a,30f3cd5f3bf8f384cea1497b6ad07da317f16fe20a1b7e506ae02c479982997d,200,2022-02-03T00:57:07.438573,,
8379,text/plain; charset=utf-8,0.137,a7e225d52dffc3da69107c5383aca19922d9142b1f4dce99b04ccaae5f308242,0d7abf3cec0f75fc60329d5ddd18f8bd73d964b0ac468c525e7f621b90b3f5db,200,2022-02-03T00:57:07.438573,,
